405	6	1511
1230	2	1536
189	2	1514
226	0	1578
191	6	1507
1359	7	1548
53	0	1582
55	3	1554
717	6	1507
225	6	1511
1113	0	1582
72	7	1547
1425	5	1603
1269	0	1582
491	3	1551
101	0	1597
441	3	1550
490	0	1582
80	5	1605
952	3	1554
181	1	1502
786	7	1549
1491	7	1547
1074	7	1548
835	2	1534
0	4	1557
498	7	1548
1494	0	1586
1337	0	1582
732	5	1603
1180	3	1553
195	5	1600
893	5	1605
1440	3	1553
167	0	1597
1193	0	1582
1317	1	1500
1036	0	1582
1127	7	1548
774	0	1582
391	7	1548
467	2	1525
681	2	1521
380	7	1548
222	5	1600
1129	6	1511
555	5	1603
743	1	1504
24	6	1511
289	7	1548
577	5	1603
459	2	1528
936	6	1511
537	4	1555
1252	0	1579
312	3	1552
1050	3	1552
214	1	1503
1094	0	1597
446	3	1551
386	3	1551
1403	7	1548
620	2	1537
641	0	1582
84	4	1559
1261	7	1548
268	5	1606
713	3	1551
513	2	1514
470	0	1582
1192	5	1603
898	5	1606
151	0	1582
1075	6	1508
1032	5	1605
711	3	1551
1121	3	1553
1427	1	1503
1016	4	1557
773	3	1553
1120	0	1595
321	7	1549
545	0	1595
1211	5	1607
944	7	1548
311	1	1504
81	5	1603
676	5	1604
90	5	1605
865	0	1582
345	5	1605
967	5	1605
153	5	1603
1249	2	1514
1309	0	1582
1186	7	1548
221	3	1553
1088	0	1582
417	3	1552
1154	1	1504
899	6	1507
967	7	1548
66	4	1557
1341	2	1540
1131	0	1582
941	4	1555
1320	1	1503
173	1	1504
80	3	1551
487	4	1557
1301	1	1500
821	0	1562
469	5	1603
1460	4	1561
1341	6	1507
956	6	1507
473	0	1582
861	6	1507
1403	1	1503
1477	5	1603
1337	5	1604
273	5	1606
800	5	1600
327	7	1548
753	4	1557
289	1	1503
624	5	1605
61	1	1503
161	7	1548
1396	3	1551
93	0	1582
191	7	1548
646	6	1509
202	6	1509
1182	4	1555
937	5	1605
497	3	1553
80	6	1507
635	0	1576
668	4	1561
655	4	1555
395	5	1604
1081	7	1547
283	5	1603
685	1	1503
1174	0	1593
48	3	1551
749	5	1605
1384	7	1548
60	7	1548
531	1	1504
437	1	1500
1315	7	1547
142	7	1547
1286	7	1548
546	7	1548
233	7	1548
688	7	1549
770	7	1546
930	1	1500
1073	1	1504
1460	3	1554
487	7	1548
1272	3	1551
1115	4	1557
853	7	1548
423	5	1603
641	2	1532
912	0	1582
860	7	1547
666	5	1603
736	5	1603
1051	3	1551
324	7	1548
252	6	1511
1029	7	1548
798	7	1548
770	2	1542
1091	3	1554
519	5	1605
793	0	1582
63	2	1517
1475	5	1603
154	1	1500
998	3	1551
1158	7	1547
889	0	1582
1449	0	1597
192	7	1549
1031	1	1504
1159	5	1603
243	0	1597
90	6	1507
981	1	1500
826	3	1554
818	6	1509
1262	2	1537
1121	7	1548
460	5	1605
476	5	1605
984	2	1543
51	0	1582
1297	4	1561
87	3	1551
1085	5	1603
586	5	1603
785	7	1548
750	0	1597
917	1	1500
498	3	1551
215	2	1526
1237	7	1548
1483	6	1509
1154	7	1548
290	2	1529
234	2	1526
1354	1	1502
570	0	1597
688	4	1558
100	2	1516
541	5	1603
877	3	1553
709	4	1561
1021	5	1605
1007	5	1603
628	7	1546
293	7	1548
1493	1	1504
690	2	1535
404	1	1504
1341	5	1603
41	1	1500
833	4	1558
1350	7	1548
198	4	1558
538	1	1504
442	5	1606
208	5	1603
1287	5	1605
777	4	1557
125	6	1510
939	0	1594
1095	2	1540
1327	5	1605
821	6	1510
82	4	1558
1455	6	1509
1005	7	1548
342	5	1605
1330	4	1557
961	5	1605
434	1	1500
766	2	1537
798	3	1552
1014	2	1534
1012	3	1551
1052	5	1605
79	4	1557
10	2	1543
1016	5	1606
253	7	1546
1473	2	1520
838	2	1541
305	2	1537
77	0	1565
529	6	1507
954	5	1605
658	0	1594
1363	5	1605
382	2	1513
278	5	1603
1087	4	1557
1464	1	1503
18	4	1557
569	4	1555
1389	0	1582
23	2	1536
1117	2	1527
466	2	1543
753	7	1548
520	2	1537
329	7	1548
858	6	1510
215	3	1554
199	7	1548
182	0	1597
141	1	1503
1140	4	1557
1142	5	1605
804	1	1503
1413	0	1564
471	2	1537
1468	6	1508
478	4	1555
449	3	1552
1457	5	1603
1326	7	1548
1391	3	1554
646	1	1500
847	5	1605
126	3	1551
74	5	1603
155	3	1551
1277	3	1551
675	1	1500
480	7	1547
1100	5	1605
387	0	1582
95	3	1551
1060	4	1558
969	0	1582
516	6	1509
415	7	1548
858	7	1546
15	1	1504
475	4	1561
725	3	1551
123	1	1503
90	2	1519
1312	7	1547
1434	4	1556
825	7	1548
757	2	1526
1089	0	1595
920	0	1582
885	5	1604
1281	4	1560
1024	4	1557
840	2	1516
721	0	1582
1355	6	1507
1359	3	1551
239	5	1604
1361	3	1553
931	0	1582
740	5	1605
609	4	1561
439	3	1551
679	5	1603
522	2	1516
1148	3	1554
1198	0	1586
1311	1	1500
1219	5	1605
1302	2	1525
226	7	1548
677	6	1509
1182	3	1554
247	2	1528
429	1	1500
546	6	1508
1251	7	1547
683	0	1597
1141	2	1523
588	7	1548
1499	7	1548
717	1	1501
794	4	1557
604	7	1548
1482	4	1555
720	3	1551
429	0	1582
1339	6	1507
884	2	1540
696	2	1521
862	3	1554
94	5	1603
459	4	1557
834	2	1537
1295	0	1582
583	5	1605
855	5	1605
833	0	1595
580	0	1590
998	6	1509
463	3	1553
209	5	1605
384	1	1504
184	6	1507
409	2	1516
1178	2	1514
1197	7	1548
435	6	1509
1208	2	1537
262	0	1582
802	6	1509
1216	0	1582
157	5	1603
523	7	1547
888	0	1569
1357	6	1508
961	0	1582
1138	0	1573
1039	4	1560
676	4	1559
355	2	1540
83	3	1551
687	5	1598
364	7	1549
1219	4	1561
508	7	1548
322	2	1521
1056	4	1558
1173	7	1547
857	5	1604
1448	0	1582
82	3	1554
85	6	1508
600	7	1548
1414	5	1603
1171	5	1604
352	0	1565
1179	3	1554
240	5	1605
1345	1	1504
968	0	1582
881	3	1552
736	2	1537
582	2	1513
154	5	1603
1027	0	1593
728	7	1548
899	2	1514
941	7	1549
656	0	1593
334	1	1503
454	0	1582
257	5	1603
51	7	1548
1387	5	1603
457	1	1504
1439	5	1605
379	2	1520
253	0	1587
1188	7	1548
1165	3	1551
30	4	1561
1134	4	1557
885	4	1557
432	2	1521
505	7	1548
757	7	1546
447	7	1548
955	4	1557
207	6	1507
330	3	1551
516	3	1551
838	3	1554
1274	7	1548
1145	7	1547
1312	2	1535
847	2	1523
281	2	1525
1065	3	1554
910	5	1606
346	2	1516
1023	6	1511
1037	1	1504
787	5	1603
846	0	1593
1033	1	1504
694	6	1509
856	7	1547
1191	7	1548
65	1	1504
1053	1	1500
990	4	1557
485	3	1554
900	7	1548
186	0	1582
683	7	1548
994	5	1603
546	3	1551
1407	5	1605
1321	6	1507
636	1	1500
379	0	1573
892	0	1567
1403	5	1605
136	4	1557
1038	2	1543
542	7	1547
606	4	1557
572	7	1546
62	2	1527
1351	6	1511
809	1	1503
738	2	1513
777	5	1605
489	1	1504
1372	7	1548
212	1	1500
1220	3	1554
486	3	1551
1159	7	1548
672	0	1582
86	1	1500
1276	7	1547
1015	4	1557
1426	2	1524
1044	4	1557
1297	2	1517
814	1	1503
329	2	1521
475	2	1528
671	3	1551
431	7	1548
905	3	1551
421	4	1555
1221	2	1536
1122	7	1548
495	1	1504
1251	2	1531
160	7	1548
89	3	1551
92	7	1548
1497	5	1603
720	4	1557
153	0	1573
708	7	1548
1225	4	1556
480	1	1504
160	1	1503
815	5	1603
153	4	1558
406	2	1540
227	2	1523
1360	3	1553
866	5	1603
29	6	1507
296	1	1500
923	5	1605
1050	5	1606
896	4	1557
32	0	1565
154	7	1549
442	6	1509
104	7	1548
459	0	1569
1015	0	1567
994	7	1549
1286	5	1605
1171	2	1517
1193	4	1556
448	7	1548
271	0	1582
1135	3	1551
984	5	1604
796	4	1557
1092	1	1500
1031	5	1603
572	6	1508
1124	0	1570
657	1	1504
1125	2	1516
957	0	1582
357	2	1513
942	6	1511
631	2	1519
927	4	1557
1316	2	1525
1140	2	1537
659	6	1507
1474	7	1548
1351	7	1546
45	4	1558
1178	1	1504
435	5	1606
1015	6	1511
331	1	1504
410	5	1603
1007	4	1557
1351	3	1551
1108	7	1548
1070	6	1511
660	7	1548
273	7	1548
1149	3	1551
851	3	1554
192	0	1570
482	7	1547
248	1	1504
787	7	1549
1028	4	1561
1280	6	1507
287	6	1511
1478	5	1603
1480	5	1599
408	7	1548
1032	6	1511
174	7	1548
484	4	1561
25	0	1596
377	7	1548
937	2	1514
972	1	1504
611	3	1551
1262	5	1605
1177	2	1523
370	6	1507
609	6	1511
1332	1	1500
927	5	1605
726	0	1582
1278	0	1597
793	5	1605
861	3	1553
1492	7	1547
48	0	1595
55	6	1507
308	1	1504
969	1	1503
672	4	1557
1319	4	1557
603	0	1582
1118	2	1537
556	6	1511
117	2	1521
333	3	1551
346	4	1557
1258	0	1597
131	0	1582
318	7	1548
1258	6	1507
339	4	1555
748	6	1507
1084	6	1507
1410	6	1507
1155	3	1551
226	4	1555
1164	1	1504
779	5	1603
1325	2	1537
813	6	1509
471	7	1548
1054	0	1596
94	3	1551
1389	1	1500
409	0	1595
60	5	1600
714	0	1582
830	1	1504
1273	0	1582
386	2	1512
1359	6	1509
976	4	1557
787	0	1597
830	6	1509
468	6	1507
1235	3	1553
595	2	1536
918	1	1504
489	2	1540
1120	2	1531
1086	7	1548
1375	1	1500
440	7	1548
360	6	1507
617	7	1548
1062	3	1550
403	4	1557
297	3	1551
345	2	1523
1477	4	1558
1111	1	1500
980	3	1554
1342	0	1582
1488	2	1522
426	5	1606
928	3	1553
1269	4	1560
1377	1	1504
162	4	1558
111	2	1527
148	4	1557
1462	5	1603
378	7	1548
92	3	1553
870	4	1561
825	2	1543
1272	7	1548
1328	3	1554
1187	1	1504
898	6	1509
640	7	1548
1329	7	1548
1377	3	1551
145	6	1508
1066	6	1508
418	6	1507
908	6	1509
428	6	1507
295	2	1531
1470	0	1593
676	1	1500
1127	2	1532
1012	0	1582
1205	3	1554
669	4	1559
1371	3	1551
113	3	1550
920	2	1525
678	6	1507
1147	0	1595
1057	6	1507
1323	6	1508
441	7	1548
658	5	1603
674	4	1557
131	4	1557
1365	2	1526
146	4	1555
778	2	1545
281	1	1502
55	2	1536
465	2	1528
697	2	1521
1102	0	1582
604	1	1503
333	0	1582
254	1	1500
345	6	1511
1112	5	1605
1035	4	1557
58	4	1558
1104	7	1549
511	0	1579
385	7	1548
862	6	1511
182	2	1526
1042	6	1511
703	5	1603
1486	6	1508
590	5	1605
140	7	1548
658	3	1554
897	5	1603
1049	2	1516
170	1	1500
124	4	1558
444	6	1508
560	4	1558
361	0	1595
910	7	1548
461	3	1553
467	5	1605
760	3	1554
1429	2	1537
22	7	1546
534	5	1605
1093	1	1500
678	2	1516
1160	3	1554
351	4	1561
1454	4	1555
1025	3	1551
1027	2	1522
725	5	1603
413	4	1558
173	5	1603
31	5	1605
339	2	1543
419	0	1569
982	7	1548
28	6	1507
1036	7	1547
851	0	1582
590	3	1551
687	0	1562
182	3	1551
298	7	1546
1260	6	1509
425	4	1560
316	4	1560
1283	1	1500
906	2	1525
1209	3	1553
953	1	1503
1062	7	1548
772	7	1548
418	0	1595
654	2	1537
532	6	1510
116	6	1510
835	1	1500
995	4	1557
17	7	1549
1019	1	1502
1300	2	1537
760	0	1582
835	0	1582
1474	3	1553
260	4	1558
1200	0	1582
198	2	1521
122	2	1512
1004	1	1504
470	2	1540
1332	4	1561
218	2	1540
89	0	1565
1399	4	1558
1031	4	1557
904	3	1554
165	1	1500
820	6	1507
662	3	1551
1162	7	1549
1481	6	1507
1452	4	1558
515	4	1555
905	1	1500
715	0	1570
263	5	1603
83	5	1603
1214	2	1528
284	4	1559
286	0	1582
1412	4	1555
854	4	1558
1006	0	1582
157	2	1512
848	5	1603
1017	6	1511
1443	0	1597
1413	4	1558
1014	4	1557
1147	6	1507
959	0	1582
918	0	1579
244	0	1582
1461	0	1596
932	0	1582
577	4	1555
1313	7	1548
596	4	1557
472	7	1547
950	1	1500
723	2	1526
668	3	1553
1095	6	1511
1090	7	1548
131	5	1605
262	3	1553
430	2	1543
1261	5	1605
927	0	1582
1435	2	1520
6	5	1604
1232	6	1509
861	5	1605
572	3	1551
929	0	1565
95	4	1558
959	3	1551
601	6	1507
9	6	1509
490	3	1552
50	6	1505
983	0	1582
1313	2	1540
1298	3	1551
508	4	1558
738	5	1603
123	7	1546
49	4	1555
549	6	1511
9	3	1552
249	6	1508
1022	6	1508
763	6	1507
934	3	1554
446	5	1606
1269	1	1504
33	6	1507
837	4	1560
130	3	1554
528	7	1546
801	7	1547
331	6	1511
234	6	1509
125	0	1573
977	2	1525
851	1	1500
1229	5	1606
928	0	1582
1214	7	1547
1295	7	1548
799	7	1549
1496	5	1603
552	5	1603
967	6	1509
771	2	1545
997	2	1535
736	3	1554
1453	7	1549
908	7	1548
212	7	1549
166	1	1500
172	2	1531
1065	7	1549
102	4	1558
853	3	1551
1481	2	1537
95	5	1603
927	3	1553
521	0	1582
1043	5	1606
132	7	1548
333	2	1523
330	4	1555
1450	7	1549
511	7	1546
1030	7	1547
894	2	1543
218	5	1603
143	6	1508
531	6	1509
886	1	1503
1230	4	1559
138	1	1500
1438	0	1562
810	5	1604
70	3	1553
232	7	1547
406	6	1511
1429	6	1508
570	4	1558
411	2	1536
1398	7	1548
1283	4	1561
423	2	1521
580	4	1555
136	2	1537
209	7	1548
1441	3	1552
467	0	1582
9	0	1582
523	6	1509
638	1	1504
766	3	1552
106	0	1573
768	2	1521
520	6	1509
216	6	1511
506	3	1551
269	6	1507
291	1	1500
1076	7	1548
1494	7	1546
129	3	1551
982	6	1510
1099	1	1500
1338	1	1501
348	7	1548
547	4	1558
1291	7	1548
331	3	1551
492	4	1557
1395	3	1554
269	0	1582
555	2	1514
62	0	1565
617	6	1509
686	6	1508
1260	5	1606
502	5	1603
1383	0	1582
999	7	1547
1078	1	1500
335	0	1595
1096	1	1504
631	4	1557
104	5	1603
388	5	1605
246	3	1553
33	7	1548
1297	5	1605
1496	0	1572
223	0	1582
924	1	1503
1345	3	1551
349	0	1582
808	5	1603
1047	3	1553
1027	4	1561
151	6	1509
834	5	1604
904	5	1603
1234	3	1554
1298	5	1603
928	1	1504
559	3	1554
561	1	1502
205	4	1558
448	1	1500
1129	4	1557
949	6	1509
483	0	1597
925	6	1509
632	7	1548
349	1	1504
560	0	1597
1451	6	1507
1323	0	1565
1320	5	1604
679	2	1513
538	5	1605
640	5	1605
613	2	1528
523	2	1543
139	4	1557
1064	1	1504
1153	7	1548
1414	6	1508
1412	5	1605
1461	7	1549
1319	1	1504
277	1	1500
1326	5	1605
1214	3	1551
248	4	1561
568	4	1561
396	2	1540
547	6	1511
71	4	1557
1082	4	1558
935	3	1551
1334	4	1557
1286	0	1582
139	1	1504
84	2	1517
715	2	1537
1261	0	1565
537	6	1508
987	5	1605
370	5	1603
749	0	1582
1134	2	1525
548	1	1504
211	6	1509
1305	7	1547
671	1	1500
340	6	1509
725	7	1548
712	6	1508
103	3	1551
48	1	1504
633	5	1603
887	1	1503
641	6	1507
872	0	1582
865	7	1548
1085	1	1504
1154	2	1537
515	7	1548
1352	1	1502
887	0	1565
494	1	1500
920	1	1502
22	4	1557
497	6	1507
1346	4	1560
353	3	1551
322	6	1511
174	4	1555
9	1	1500
1038	0	1595
313	0	1582
1083	0	1582
1029	3	1551
987	0	1582
812	4	1558
1434	2	1514
232	0	1591
88	4	1558
1235	7	1548
682	5	1603
203	5	1603
614	3	1554
104	1	1503
593	2	1527
611	6	1508
201	5	1605
1371	2	1513
106	1	1503
340	1	1504
1147	5	1603
429	5	1605
265	0	1597
618	3	1551
452	3	1551
159	7	1547
848	4	1557
1191	2	1526
1142	0	1582
8	1	1504
369	5	1603
428	7	1546
180	2	1540
422	1	1504
1305	0	1579
175	2	1543
1141	3	1553
614	1	1504
876	3	1551
1166	3	1551
1465	3	1554
56	3	1551
647	0	1582
582	3	1551
701	6	1507
566	1	1500
584	7	1548
1485	4	1559
244	7	1547
599	5	1603
258	1	1504
869	7	1548
1327	3	1553
810	3	1552
829	7	1546
1030	1	1504
1313	5	1602
1280	4	1561
393	6	1507
903	6	1507
34	4	1558
486	7	1546
949	4	1557
997	1	1500
224	6	1509
424	6	1508
973	0	1582
1118	1	1500
323	7	1548
549	2	1532
803	1	1500
122	7	1548
520	1	1500
1024	7	1548
1148	6	1507
883	4	1557
47	2	1543
1438	4	1560
1123	1	1502
1193	7	1548
773	4	1557
373	4	1558
943	1	1503
1046	0	1569
289	3	1553
385	5	1603
222	6	1509
786	6	1507
808	6	1508
1049	3	1553
1335	4	1558
1362	1	1504
1168	6	1508
894	3	1551
379	4	1555
828	5	1603
1396	0	1597
329	5	1605
331	0	1597
232	4	1559
446	0	1582
678	4	1558
502	0	1595
1340	1	1502
977	7	1548
1013	4	1557
1484	3	1554
1129	2	1535
419	7	1546
1256	7	1547
380	6	1507
529	5	1603
217	2	1529
1147	3	1551
1045	1	1504
970	5	1605
1274	0	1595
1203	3	1554
777	7	1548
229	7	1548
1074	6	1508
1108	2	1541
1181	2	1533
691	0	1582
903	1	1500
915	7	1546
392	0	1582
637	4	1557
1138	2	1540
236	0	1583
528	2	1516
246	1	1502
1305	1	1504
1246	5	1604
736	4	1560
325	0	1565
601	1	1502
1283	6	1508
1387	2	1512
745	4	1557
7	6	1509
1472	0	1593
142	4	1555
784	7	1548
73	2	1514
647	6	1507
1365	3	1551
1288	2	1534
226	6	1511
1213	4	1561
1204	3	1553
697	4	1558
636	3	1554
599	0	1595
664	0	1585
1299	1	1500
639	3	1552
274	7	1549
976	5	1605
643	1	1504
956	0	1582
35	1	1500
35	4	1558
1380	7	1548
289	6	1507
298	0	1582
742	2	1526
532	2	1543
544	0	1595
631	1	1500
843	6	1507
514	5	1605
549	1	1503
1106	3	1554
465	5	1606
1190	1	1500
1451	3	1551
955	3	1553
992	7	1547
320	6	1511
1150	3	1553
659	0	1582
254	0	1596
1223	5	1605
91	7	1548
488	5	1603
1062	2	1527
1004	0	1582
493	2	1545
1319	2	1540
1315	3	1551
1069	0	1586
321	2	1523
852	2	1513
169	3	1551
652	4	1557
519	1	1500
744	3	1551
388	4	1557
736	0	1593
20	6	1509
1041	0	1582
1385	1	1503
1137	2	1537
1069	6	1508
864	2	1520
205	7	1548
1224	5	1606
1387	0	1585
116	1	1504
737	1	1500
1478	4	1558
1454	7	1548
577	7	1549
492	7	1547
1319	5	1603
675	4	1557
927	7	1547
341	2	1516
1261	3	1551
73	5	1603
1027	1	1504
42	2	1537
1111	4	1557
510	6	1510
1420	0	1590
276	4	1561
121	0	1597
1388	6	1509
791	6	1507
978	2	1512
349	3	1551
412	6	1507
1304	4	1557
524	7	1547
1483	2	1526
1236	4	1555
672	6	1509
745	7	1548
1449	5	1603
145	4	1557
1032	4	1557
353	2	1533
1181	3	1554
326	7	1549
165	5	1603
1361	0	1582
525	7	1549
917	4	1557
628	0	1574
1249	3	1554
1087	3	1554
1122	6	1508
1000	3	1553
604	0	1573
580	1	1500
707	7	1547
922	7	1548
1140	7	1548
1173	3	1551
343	5	1605
1474	1	1502
397	1	1504
976	3	1554
1458	6	1509
643	0	1579
997	5	1605
670	3	1554
1226	0	1582
92	6	1507
1492	4	1555
1293	0	1582
1213	3	1551
514	0	1582
766	6	1509
1183	1	1500
795	1	1502
614	2	1541
167	6	1507
1096	7	1548
1299	2	1533
1223	2	1540
812	2	1513
636	7	1548
754	7	1549
283	0	1594
1465	0	1597
1280	2	1537
345	7	1548
1494	6	1507
16	5	1605
195	7	1548
191	5	1601
469	2	1535
868	7	1548
1441	0	1593
474	6	1511
837	3	1554
299	2	1537
16	7	1548
869	3	1554
608	3	1554
1386	1	1500
532	1	1500
93	3	1553
319	7	1548
1059	6	1507
1440	0	1582
688	1	1500
12	4	1561
1272	5	1603
774	5	1605
1223	3	1551
1405	4	1557
788	6	1507
30	5	1605
780	5	1603
734	5	1605
1406	2	1513
666	6	1509
462	2	1537
368	1	1504
147	5	1603
803	0	1582
1192	6	1511
142	5	1603
783	6	1509
806	7	1548
265	3	1553
1368	3	1551
1405	7	1548
1044	2	1522
213	1	1502
228	7	1548
1396	5	1603
747	6	1507
618	1	1504
237	4	1561
1276	5	1604
1434	1	1503
838	7	1548
959	7	1548
577	1	1504
364	6	1507
845	3	1552
1480	1	1500
682	2	1543
921	1	1500
1437	2	1537
1467	4	1559
910	1	1503
451	7	1549
1110	7	1547
985	3	1551
1487	0	1577
631	6	1509
420	1	1504
1061	7	1548
1188	5	1603
1349	2	1514
820	1	1504
1156	2	1527
1170	6	1507
481	6	1507
836	1	1504
1335	6	1507
1122	2	1537
1245	5	1606
1278	7	1548
284	3	1553
19	4	1556
149	3	1554
1279	4	1557
1104	5	1603
447	3	1554
145	2	1537
634	6	1511
1022	4	1561
717	4	1559
275	3	1553
392	4	1557
157	7	1548
383	5	1603
882	3	1553
431	2	1543
957	1	1503
1055	3	1551
680	1	1502
369	2	1537
517	7	1547
844	6	1509
1198	5	1603
321	3	1551
708	6	1507
1156	5	1603
1423	0	1565
522	4	1561
761	6	1507
765	1	1500
156	4	1559
479	6	1511
932	6	1509
1129	1	1503
56	1	1502
546	1	1500
164	3	1553
716	5	1604
1307	0	1582
1071	2	1531
856	6	1507
1022	0	1582
107	5	1603
1225	6	1508
590	2	1514
805	1	1504
1443	1	1502
985	5	1603
1018	5	1606
1455	3	1553
302	7	1547
835	6	1507
76	0	1597
1178	6	1507
916	7	1546
763	7	1548
1332	7	1547
710	3	1553
563	7	1548
600	4	1557
1437	1	1503
1461	2	1521
1470	4	1558
1368	6	1507
1095	3	1551
917	5	1603
878	3	1554
1364	4	1561
894	7	1548
59	6	1507
1417	2	1526
1114	4	1557
1156	3	1551
954	2	1525
190	2	1522
785	4	1557
485	7	1546
1344	5	1603
516	5	1607
1069	1	1500
1096	4	1557
776	6	1507
1469	3	1554
441	2	1523
1394	5	1603
87	6	1507
675	3	1554
1042	7	1546
312	4	1561
719	7	1548
202	7	1548
655	2	1523
323	3	1550
1035	6	1509
1482	7	1547
158	6	1507
95	2	1513
434	2	1526
939	4	1557
1264	3	1551
432	7	1547
1087	6	1507
336	1	1504
1494	1	1504
168	3	1554
1153	4	1555
285	4	1559
382	7	1548
836	0	1593
754	6	1507
217	1	1501
45	5	1603
934	2	1537
1238	3	1551
185	0	1597
966	6	1507
70	4	1560
1322	5	1606
476	0	1582
1181	5	1606
15	6	1509
244	2	1524
945	7	1548
754	0	1596
937	0	1582
189	6	1508
7	0	1593
118	2	1537
349	2	1532
731	2	1513
1343	4	1555
21	0	1565
1170	3	1553
285	7	1548
195	2	1543
1257	0	1582
415	1	1500
721	2	1526
402	6	1505
1102	7	1548
340	7	1547
426	0	1587
1328	1	1504
49	2	1513
503	6	1509
1450	2	1531
941	6	1509
648	4	1556
26	5	1603
176	7	1549
717	5	1604
730	5	1605
1273	7	1546
1287	6	1509
753	1	1500
580	7	1548
771	7	1548
637	0	1567
325	3	1554
1315	0	1570
1017	4	1558
821	2	1537
558	5	1606
187	6	1507
290	4	1556
1493	4	1558
262	6	1507
1419	1	1502
1152	2	1521
1220	2	1520
326	5	1603
328	7	1547
227	0	1582
122	4	1558
215	4	1559
179	0	1582
41	2	1516
5	0	1582
6	3	1552
442	1	1504
1375	5	1603
979	6	1507
1354	4	1560
1040	4	1558
1444	3	1552
310	2	1537
28	0	1595
817	4	1559
644	4	1557
523	1	1504
1019	0	1573
359	4	1561
720	1	1504
704	2	1536
975	3	1551
197	6	1509
878	7	1549
1063	5	1603
23	1	1504
968	6	1507
327	1	1504
177	7	1546
394	3	1554
1038	1	1500
468	2	1537
503	1	1504
179	4	1557
621	0	1582
334	2	1518
371	0	1582
897	7	1548
846	1	1500
832	4	1558
1472	6	1507
316	3	1554
125	7	1548
147	1	1504
1416	3	1554
517	6	1509
309	6	1509
827	2	1543
26	7	1547
543	4	1560
359	5	1603
605	5	1603
698	0	1595
991	2	1525
694	5	1606
823	4	1557
235	3	1551
707	4	1557
828	3	1551
1255	2	1537
344	6	1511
232	3	1552
556	3	1553
219	0	1597
1418	2	1531
397	7	1547
30	7	1548
782	3	1551
198	0	1596
702	7	1548
662	6	1509
1245	3	1554
733	5	1603
484	3	1554
885	6	1507
37	7	1548
1164	6	1508
1458	1	1500
695	1	1503
22	2	1541
872	4	1557
1353	4	1557
305	6	1511
1113	1	1500
394	2	1541
1489	5	1605
778	6	1507
241	7	1549
999	0	1582
299	0	1587
1480	3	1551
642	5	1605
339	0	1570
143	3	1554
1034	2	1522
492	3	1552
783	0	1591
751	4	1557
550	4	1557
1464	0	1580
1155	4	1558
1167	4	1560
1476	0	1582
1431	3	1552
1331	7	1547
205	6	1509
990	7	1548
658	1	1504
134	2	1533
712	4	1558
1256	1	1500
1100	4	1557
772	5	1604
1257	7	1548
1295	1	1500
493	4	1557
1199	7	1547
192	5	1605
313	1	1504
1295	4	1556
1488	6	1509
266	7	1548
267	3	1551
1204	0	1591
290	3	1554
1445	6	1507
264	7	1549
931	1	1500
672	5	1606
1336	1	1500
115	5	1603
874	3	1553
345	4	1557
935	6	1508
873	5	1605
268	2	1531
529	0	1595
1362	7	1547
268	3	1554
424	1	1504
376	0	1582
168	5	1605
877	7	1549
391	5	1605
1020	6	1509
947	5	1605
366	6	1509
304	4	1558
250	2	1532
1158	0	1565
517	5	1603
251	5	1605
1495	2	1513
767	7	1548
603	7	1548
1208	1	1500
565	6	1507
1446	1	1503
270	2	1534
761	4	1558
1292	7	1548
519	4	1555
890	6	1507
609	2	1540
1369	0	1597
137	4	1555
319	4	1557
591	3	1551
1111	0	1582
941	5	1605
1234	5	1605
1467	3	1553
270	6	1507
1281	1	1500
187	2	1531
522	7	1548
1326	3	1554
667	5	1606
154	0	1594
17	5	1605
1034	7	1548
106	5	1603
1044	0	1594
1498	1	1500
1267	7	1547
297	1	1504
299	3	1552
1261	2	1523
1048	6	1511
757	1	1500
1330	6	1509
1103	2	1514
143	1	1500
347	4	1561
364	5	1604
374	0	1590
784	4	1558
799	1	1502
258	3	1554
1321	1	1503
314	2	1513
109	0	1582
34	6	1507
707	2	1525
190	6	1507
1080	2	1535
120	4	1558
697	6	1508
1169	4	1555
857	0	1582
778	4	1560
1089	1	1504
238	5	1603
871	2	1527
1497	2	1527
734	1	1500
1195	2	1523
1288	3	1551
408	3	1553
539	7	1549
1243	5	1603
455	6	1511
213	4	1557
1401	7	1548
200	5	1603
871	1	1500
335	1	1500
1350	1	1500
570	7	1548
183	7	1548
705	6	1508
1289	7	1547
604	6	1510
260	0	1597
529	3	1551
390	0	1582
940	3	1554
923	1	1500
1458	7	1548
1220	7	1548
105	7	1548
1237	2	1522
1228	7	1548
312	5	1603
1103	4	1561
108	3	1550
49	0	1582
329	1	1504
1211	2	1523
781	2	1541
969	5	1605
473	4	1557
585	1	1504
1058	6	1507
41	3	1551
1123	0	1596
934	6	1508
915	2	1527
1478	0	1597
1420	2	1534
1424	2	1540
1022	7	1548
773	0	1582
228	0	1565
840	3	1552
1499	1	1502
1106	4	1557
1092	3	1551
728	5	1603
444	0	1587
46	5	1605
46	1	1504
382	4	1558
854	6	1507
822	0	1590
472	5	1604
1346	0	1582
865	6	1508
826	7	1548
1078	0	1582
1197	4	1558
322	7	1549
260	7	1549
1445	7	1548
661	0	1582
724	6	1507
1433	5	1603
256	0	1597
1133	4	1557
670	5	1603
273	2	1532
1003	6	1508
631	0	1582
1390	6	1509
183	1	1500
1360	1	1503
1315	1	1504
978	5	1603
1034	0	1594
1064	4	1557
901	6	1508
579	7	1547
568	6	1507
878	4	1557
476	4	1557
906	1	1500
1332	5	1605
965	0	1582
884	0	1593
17	6	1507
527	4	1555
375	0	1573
935	1	1504
215	0	1582
1182	5	1603
1283	7	1548
110	0	1582
838	0	1593
409	6	1508
543	5	1607
341	4	1555
1255	0	1582
1312	1	1504
1307	7	1546
206	6	1507
1295	3	1554
819	6	1509
1410	0	1595
236	5	1600
1090	0	1582
390	3	1554
0	0	1570
359	3	1551
37	0	1565
485	2	1516
760	7	1548
1106	0	1582
1373	0	1579
1029	4	1558
142	1	1504
805	7	1548
1378	6	1507
238	3	1551
758	1	1504
697	1	1500
330	0	1582
22	5	1605
1380	3	1553
391	1	1503
1470	5	1603
980	2	1540
401	3	1554
69	3	1552
209	0	1582
871	5	1603
1420	6	1508
1323	2	1531
706	2	1543
1284	6	1507
1291	6	1511
1042	1	1504
890	2	1512
1168	7	1548
839	3	1551
590	7	1548
1282	4	1560
461	4	1557
1194	1	1504
484	0	1569
773	2	1525
865	3	1553
1099	2	1515
88	6	1507
975	6	1509
1246	3	1551
895	2	1532
150	3	1551
532	3	1551
1202	1	1504
227	6	1508
1091	0	1582
1059	5	1603
1266	3	1551
877	2	1521
363	1	1503
1243	7	1547
1421	0	1579
1350	2	1516
816	2	1520
21	1	1504
908	0	1581
149	2	1531
1136	7	1546
1104	2	1543
1158	6	1511
1098	4	1557
348	4	1558
298	1	1500
914	7	1548
1352	2	1524
480	3	1551
520	5	1606
807	3	1554
677	7	1547
173	2	1522
1251	3	1551
1497	6	1507
741	5	1603
335	4	1558
1393	3	1551
1352	5	1601
378	6	1511
1423	2	1525
303	7	1548
1251	0	1565
1195	3	1551
904	6	1509
256	1	1503
486	5	1603
1207	1	1502
990	1	1500
1163	5	1603
611	0	1582
187	0	1597
1436	6	1505
926	5	1603
1271	2	1514
27	0	1595
1119	1	1500
308	6	1511
679	0	1597
148	6	1509
69	4	1557
814	3	1551
682	7	1548
919	7	1547
115	7	1547
882	0	1593
1225	7	1547
380	2	1513
946	0	1582
540	2	1516
1376	6	1507
18	5	1603
489	6	1509
718	7	1548
1195	6	1509
527	3	1554
814	5	1604
1482	5	1606
1378	2	1537
94	6	1507
736	1	1504
576	4	1555
1314	5	1605
518	4	1558
741	4	1557
344	2	1523
112	5	1603
146	0	1573
654	0	1582
884	7	1548
832	0	1597
713	4	1558
376	6	1509
651	2	1532
2	0	1582
361	7	1548
826	2	1536
617	3	1551
1246	4	1557
1091	5	1605
1013	6	1508
1159	0	1565
977	1	1503
1303	6	1507
666	4	1561
1172	0	1594
1215	6	1509
1410	1	1504
62	1	1503
1379	6	1507
851	7	1548
1007	7	1549
806	3	1554
1056	5	1603
1255	5	1606
253	3	1552
1136	6	1508
1244	4	1556
863	3	1554
562	5	1603
240	1	1503
1488	4	1561
235	7	1548
856	0	1588
684	6	1507
693	7	1548
944	3	1554
1413	2	1520
94	7	1548
80	1	1500
1102	2	1536
743	0	1582
1430	7	1548
1019	2	1540
1127	0	1582
938	1	1500
1086	0	1597
761	0	1597
252	5	1603
1137	4	1557
741	1	1500
27	7	1547
26	4	1555
18	2	1537
312	6	1511
1365	0	1582
990	6	1509
709	5	1603
548	2	1521
346	0	1582
222	0	1570
1281	2	1532
1020	4	1557
1123	5	1603
301	2	1537
1372	3	1551
540	1	1504
615	1	1504
1269	3	1551
1134	7	1547
1253	7	1547
962	1	1500
1260	4	1557
1470	6	1508
1178	0	1582
173	3	1551
1252	6	1508
1371	0	1597
1219	3	1551
1266	5	1606
938	0	1582
63	0	1591
891	1	1500
308	0	1582
1442	1	1500
1212	3	1551
6	0	1582
1055	5	1605
144	2	1545
720	6	1509
719	3	1554
25	3	1551
575	3	1551
440	3	1551
884	5	1603
191	4	1558
964	1	1503
574	7	1548
1435	6	1507
624	3	1551
257	3	1551
578	3	1551
756	6	1507
34	0	1565
881	2	1540
24	2	1543
146	5	1603
768	3	1551
1487	2	1537
447	6	1509
141	6	1508
487	5	1603
96	5	1604
1376	7	1547
699	2	1522
986	0	1582
150	7	1547
973	7	1548
1171	0	1582
535	2	1537
731	3	1554
1207	0	1582
1142	6	1507
764	4	1559
1432	4	1557
780	1	1504
417	4	1557
1416	0	1582
206	3	1552
800	2	1540
1185	6	1509
472	4	1561
315	3	1551
279	0	1593
844	4	1557
478	1	1500
540	7	1547
1232	3	1552
1125	4	1558
863	4	1560
166	5	1605
261	0	1597
110	1	1503
29	0	1596
956	3	1553
789	3	1554
166	7	1548
1051	5	1603
1418	5	1606
450	0	1582
1323	4	1557
1446	5	1603
957	6	1507
19	2	1527
1126	4	1557
1159	3	1551
579	5	1603
534	1	1500
374	4	1557
704	5	1605
773	1	1502
90	4	1559
1186	4	1557
845	0	1582
1199	2	1516
421	6	1508
334	5	1606
71	7	1548
730	4	1559
225	2	1526
1017	5	1603
962	7	1548
344	1	1504
394	7	1548
23	4	1557
944	6	1508
1110	6	1508
407	6	1509
1358	1	1500
1301	6	1511
576	6	1511
1274	5	1603
105	6	1511
373	1	1500
1310	7	1548
1428	6	1508
437	6	1511
701	5	1603
114	4	1558
825	5	1603
682	4	1561
481	5	1603
1083	1	1500
42	6	1511
209	6	1507
850	0	1582
158	0	1582
97	5	1603
1497	3	1551
278	4	1557
42	5	1603
1322	6	1511
791	4	1559
558	6	1508
1439	2	1537
384	7	1548
632	2	1523
165	0	1597
743	3	1554
382	5	1603
892	4	1557
85	1	1503
895	1	1500
305	7	1546
266	5	1605
809	0	1582
118	1	1504
476	3	1552
50	1	1503
47	1	1504
1362	5	1605
957	3	1551
1456	3	1553
1489	2	1534
1175	3	1551
26	0	1595
510	3	1553
870	2	1520
1373	6	1507
607	4	1561
415	3	1554
279	6	1507
105	5	1603
1344	1	1502
11	5	1603
97	2	1536
633	1	1504
482	6	1511
1122	4	1557
1314	0	1582
958	5	1605
408	5	1605
1176	3	1551
281	6	1507
1146	3	1551
741	3	1554
1088	3	1551
358	0	1579
242	5	1603
648	0	1582
909	4	1559
707	6	1511
1191	3	1554
1474	5	1604
378	3	1551
16	6	1507
1305	4	1557
296	3	1551
1465	6	1507
611	7	1546
71	2	1521
352	6	1509
43	6	1511
548	3	1551
1308	4	1559
136	6	1505
398	2	1523
359	2	1514
519	3	1551
216	1	1503
748	2	1514
741	2	1541
47	0	1565
87	2	1513
1486	2	1541
809	6	1507
1407	6	1511
114	2	1542
778	1	1500
615	7	1548
1166	0	1582
993	4	1557
594	0	1582
427	6	1507
709	6	1508
979	0	1582
1143	4	1555
1055	2	1523
598	6	1509
858	1	1504
1186	0	1582
785	1	1502
974	7	1548
435	0	1582
978	4	1555
823	5	1605
425	2	1512
1010	6	1509
1228	3	1551
8	3	1553
283	7	1547
1365	6	1507
568	7	1549
1384	2	1520
612	1	1504
35	3	1550
752	2	1532
1321	4	1556
1309	1	1502
101	3	1554
707	5	1605
544	7	1548
1320	3	1553
889	4	1559
36	0	1595
596	6	1511
94	4	1558
20	3	1554
587	7	1548
1147	7	1548
897	4	1560
1412	0	1582
1000	2	1525
524	4	1557
986	2	1533
797	7	1548
847	3	1554
188	2	1532
1341	0	1579
1484	5	1603
1132	2	1525
1139	4	1557
1177	4	1556
994	0	1579
189	4	1558
1236	0	1565
1129	3	1554
323	4	1555
876	0	1582
232	1	1500
188	6	1511
967	3	1551
1223	1	1504
2	5	1606
488	1	1500
128	3	1554
403	0	1582
29	5	1603
695	4	1557
1046	7	1548
583	7	1547
636	4	1560
1053	4	1558
262	1	1503
1218	3	1551
1298	7	1548
860	1	1504
1217	2	1543
1155	0	1596
1127	5	1605
1244	7	1547
1013	2	1541
799	4	1559
225	7	1547
1134	1	1500
350	1	1504
36	4	1558
1381	1	1503
1327	7	1547
885	1	1503
649	6	1508
1467	0	1582
1349	0	1582
1011	5	1603
160	4	1561
841	5	1603
1384	0	1582
1129	0	1565
883	3	1551
161	1	1503
516	2	1519
803	5	1605
52	7	1548
65	3	1551
1441	4	1555
566	6	1507
363	2	1543
481	1	1503
1444	7	1548
1022	5	1605
129	7	1548
1262	0	1582
442	4	1561
1303	7	1548
386	5	1605
77	6	1509
1349	3	1551
1083	6	1507
139	0	1565
760	2	1526
724	2	1536
706	3	1551
1316	1	1504
433	7	1548
1086	2	1531
124	3	1550
781	0	1590
24	4	1558
208	6	1508
1448	3	1553
119	5	1605
692	6	1510
1448	5	1605
960	0	1593
147	2	1520
1353	6	1509
1065	6	1511
13	5	1603
872	6	1507
1412	1	1503
869	1	1504
857	4	1557
441	6	1509
652	3	1552
852	6	1507
683	4	1558
1111	6	1509
565	1	1503
953	0	1582
1104	3	1551
741	6	1507
570	3	1551
221	7	1549
948	0	1582
212	6	1507
480	6	1511
974	5	1605
455	5	1603
634	0	1582
1409	5	1603
841	0	1595
214	3	1554
454	2	1540
363	4	1558
1076	3	1553
1100	1	1503
1237	3	1551
340	5	1606
498	0	1567
418	1	1500
1151	1	1500
154	3	1552
1183	6	1508
267	6	1508
86	4	1555
257	2	1527
117	0	1582
1463	7	1549
236	3	1553
12	6	1507
1426	5	1602
374	3	1554
374	2	1537
1101	6	1508
379	1	1504
622	1	1504
1163	7	1548
770	4	1558
1382	0	1597
956	7	1548
615	5	1604
611	4	1557
389	0	1597
1002	1	1501
1184	6	1511
373	5	1603
1305	6	1508
835	5	1605
629	7	1548
1163	2	1537
1431	6	1509
1264	0	1582
330	7	1548
543	6	1508
608	4	1555
755	6	1507
773	7	1548
21	2	1516
911	0	1582
645	4	1558
440	2	1520
652	1	1502
1135	5	1605
960	5	1603
176	6	1508
707	1	1500
758	4	1561
91	6	1507
725	2	1543
140	0	1565
516	1	1504
275	5	1605
175	7	1548
1333	7	1548
924	6	1507
318	0	1597
4	4	1561
608	6	1509
593	5	1603
97	3	1551
292	6	1508
367	0	1594
346	1	1504
775	3	1553
728	3	1553
689	0	1597
15	4	1557
1434	7	1548
1030	6	1509
513	7	1549
400	6	1507
21	3	1551
632	6	1508
740	4	1557
495	0	1597
517	1	1500
1341	3	1551
1253	4	1557
699	6	1509
436	3	1554
551	7	1548
8	4	1561
1179	6	1511
605	4	1558
681	1	1504
652	2	1534
57	1	1500
1175	6	1511
1144	7	1547
76	6	1508
1267	5	1605
1337	7	1548
205	1	1503
1454	6	1509
589	0	1582
125	5	1603
554	0	1596
850	5	1604
1236	5	1603
470	4	1557
116	7	1548
867	6	1509
1424	4	1558
45	3	1551
995	5	1605
40	7	1546
11	4	1561
1290	6	1507
1430	1	1504
416	4	1557
1408	2	1526
672	3	1554
251	7	1549
974	4	1560
530	5	1603
268	4	1559
710	5	1606
850	7	1548
1009	1	1504
862	7	1548
202	1	1500
678	5	1603
1035	1	1500
233	1	1504
1369	2	1525
899	0	1582
1338	0	1570
997	0	1582
739	6	1507
207	1	1502
64	2	1516
109	1	1500
465	4	1560
885	3	1554
1495	6	1509
1328	2	1541
1259	3	1551
1400	1	1502
1498	6	1507
386	7	1548
431	3	1551
1111	5	1605
1348	3	1551
177	0	1582
455	7	1548
953	3	1553
276	3	1551
345	3	1551
1011	2	1527
237	0	1597
352	7	1546
955	0	1582
375	3	1551
123	6	1507
482	1	1504
674	2	1536
1458	3	1553
1300	1	1503
862	4	1557
1126	6	1507
1092	2	1543
652	5	1605
101	4	1558
616	6	1510
494	3	1554
1133	0	1582
1384	5	1605
798	6	1507
988	7	1547
464	7	1548
264	0	1582
1485	5	1605
622	0	1582
538	0	1582
1355	0	1582
1183	7	1548
1458	4	1557
314	3	1551
1249	1	1500
291	5	1605
1193	5	1606
295	6	1509
1005	4	1557
1452	0	1595
274	6	1507
505	2	1527
1319	6	1508
1100	2	1517
1355	5	1602
1405	3	1554
177	1	1502
496	1	1500
1250	0	1582
659	3	1553
167	3	1554
522	3	1553
823	1	1500
526	6	1509
21	7	1546
842	2	1532
111	5	1603
900	3	1554
522	0	1582
276	7	1548
839	1	1500
127	7	1547
968	3	1553
226	2	1516
1014	7	1548
839	2	1534
39	7	1549
722	1	1503
512	1	1503
216	0	1582
775	4	1557
1294	5	1607
642	0	1582
1292	6	1507
243	3	1554
153	7	1549
72	1	1501
1024	1	1504
584	2	1522
767	1	1503
403	2	1537
946	5	1605
413	6	1508
891	5	1605
1343	6	1507
759	6	1510
995	1	1500
821	4	1557
712	5	1603
1212	6	1508
759	2	1542
1151	3	1553
213	3	1552
1411	4	1557
1304	5	1603
45	0	1597
591	5	1605
1072	5	1603
379	6	1509
134	3	1551
124	5	1603
1375	2	1513
1199	5	1606
1462	4	1556
1306	2	1514
1143	5	1605
764	2	1526
351	5	1605
1335	5	1603
582	7	1546
1211	6	1509
170	5	1605
1388	4	1557
273	4	1555
650	5	1603
1334	7	1546
673	7	1548
817	5	1604
910	2	1525
219	7	1549
317	4	1555
1395	7	1548
974	0	1582
1132	4	1557
1349	5	1604
1283	2	1525
24	5	1603
105	0	1593
1371	1	1503
407	3	1551
42	4	1555
849	7	1548
665	0	1597
1221	3	1551
580	2	1541
1266	4	1557
865	4	1557
1193	6	1509
691	7	1548
318	3	1554
1026	2	1541
1330	7	1548
1162	3	1550
1030	5	1606
492	1	1501
1079	5	1605
958	1	1503
1428	1	1503
555	4	1557
569	6	1511
749	3	1551
504	7	1548
1029	6	1511
821	5	1605
1402	3	1554
5	6	1509
408	0	1582
160	2	1543
1160	2	1543
118	0	1593
943	6	1507
923	0	1582
1180	7	1548
1068	5	1606
1116	1	1504
536	4	1558
1418	4	1558
264	2	1531
763	2	1512
437	0	1597
703	6	1509
1401	6	1507
652	7	1548
601	3	1554
166	0	1582
332	2	1541
478	2	1528
983	1	1501
772	0	1582
946	4	1557
564	5	1603
387	3	1551
627	6	1511
1189	3	1554
245	3	1553
641	4	1557
219	5	1603
980	7	1548
1141	6	1509
1037	3	1553
1440	7	1548
1460	6	1509
183	6	1511
749	4	1557
96	3	1553
1038	3	1551
1179	4	1557
944	1	1500
255	1	1503
950	4	1557
1190	2	1516
300	4	1561
1231	1	1504
1350	4	1561
88	2	1527
1090	6	1509
1259	7	1548
369	1	1504
819	5	1606
157	1	1502
416	5	1605
404	5	1603
1388	0	1570
876	7	1549
73	7	1548
1073	0	1582
798	1	1502
914	2	1513
1427	0	1582
808	7	1549
1398	5	1605
510	4	1561
787	2	1531
687	3	1554
783	1	1504
657	4	1557
1249	7	1548
25	2	1527
1452	2	1513
1344	4	1555
1023	7	1547
597	0	1597
1418	0	1578
367	3	1552
1077	6	1511
1228	4	1557
395	3	1553
363	5	1603
1021	7	1547
1112	6	1509
1162	5	1603
791	0	1582
1255	4	1557
1412	7	1547
323	5	1603
684	4	1558
1012	6	1509
884	1	1500
375	7	1548
1213	1	1504
752	5	1606
193	6	1508
1497	7	1549
1405	1	1503
71	1	1500
1026	4	1557
90	7	1548
965	1	1503
534	7	1548
1201	0	1582
823	3	1551
315	1	1504
1391	1	1502
257	4	1555
472	2	1513
1227	7	1548
482	2	1537
1327	6	1507
845	7	1546
1090	1	1504
1045	7	1548
607	0	1582
958	2	1534
988	3	1553
309	3	1554
32	7	1548
1303	0	1582
1273	1	1503
175	5	1606
1389	7	1548
1074	2	1517
1467	1	1502
852	4	1557
362	4	1557
727	4	1561
692	0	1593
620	3	1551
785	2	1538
27	4	1555
1308	7	1548
708	5	1604
5	5	1606
707	3	1551
1462	7	1549
1429	5	1605
785	5	1605
289	2	1537
1042	3	1554
288	6	1507
117	4	1555
204	0	1582
644	5	1605
1215	2	1541
1254	0	1597
503	2	1533
819	3	1553
608	5	1606
619	7	1548
1415	6	1507
870	5	1603
497	7	1546
1425	1	1502
1120	6	1509
462	7	1547
605	1	1500
1236	7	1548
106	3	1554
1303	3	1553
266	6	1509
710	7	1549
1106	6	1507
1372	6	1508
846	7	1547
44	0	1597
1477	2	1514
4	1	1504
856	1	1502
511	1	1500
322	5	1605
14	7	1548
355	5	1605
1028	5	1603
558	0	1582
608	2	1541
1264	1	1504
135	2	1537
200	2	1527
52	5	1605
629	0	1582
780	3	1551
196	6	1507
675	5	1600
729	7	1548
556	5	1605
1361	2	1519
929	2	1543
678	0	1595
930	7	1548
967	2	1532
598	2	1528
181	2	1514
1149	5	1603
266	3	1551
654	4	1555
395	7	1548
1245	4	1556
383	6	1509
1190	4	1555
1151	7	1548
1250	6	1508
826	5	1605
823	2	1520
233	2	1523
1173	4	1558
898	3	1551
1324	2	1514
178	0	1582
996	6	1509
1346	2	1531
1210	7	1548
124	6	1507
702	0	1597
428	0	1582
260	5	1603
1234	2	1523
324	2	1523
650	2	1537
794	2	1529
1121	1	1500
857	1	1500
1332	6	1508
241	5	1606
1497	0	1565
1277	1	1500
736	6	1511
1317	3	1554
256	2	1531
324	3	1551
540	5	1605
1239	6	1511
46	3	1551
488	3	1551
1307	6	1507
343	3	1554
948	1	1500
852	1	1500
411	3	1551
131	3	1553
1157	3	1551
880	0	1565
229	1	1503
1049	4	1561
499	5	1604
1378	1	1503
1210	3	1552
1050	0	1569
1023	3	1551
1436	2	1521
734	6	1510
88	1	1502
216	2	1525
830	2	1513
933	2	1534
883	6	1511
999	4	1557
329	3	1551
1126	0	1582
725	1	1500
1130	3	1554
1167	5	1606
116	0	1574
1386	3	1551
32	4	1555
102	6	1507
705	7	1548
1239	0	1582
1253	0	1590
1225	3	1551
816	0	1595
924	5	1605
820	5	1605
1229	1	1500
256	5	1603
786	1	1503
421	1	1502
1450	3	1553
1081	4	1557
1196	1	1504
1315	6	1509
44	4	1558
998	5	1605
36	5	1603
462	6	1509
1379	4	1557
1139	5	1605
832	3	1551
695	6	1508
292	7	1549
1174	1	1500
1070	3	1551
734	7	1548
33	4	1555
1227	0	1582
556	2	1532
807	5	1603
240	2	1531
829	2	1540
1068	7	1547
372	6	1508
456	3	1551
10	7	1548
584	5	1603
308	7	1548
360	5	1603
410	0	1590
483	3	1554
921	5	1603
577	0	1574
423	6	1507
14	0	1593
1383	2	1536
189	0	1597
23	5	1605
90	3	1554
310	0	1594
1039	5	1606
185	1	1503
1166	5	1605
211	0	1582
101	7	1547
1406	5	1606
626	6	1507
1315	2	1525
259	0	1597
1176	1	1504
1405	0	1582
700	5	1605
478	7	1548
19	0	1596
1185	1	1504
474	0	1582
35	0	1597
1044	5	1603
180	5	1603
859	4	1559
1312	4	1557
537	7	1548
375	6	1511
1100	7	1546
764	1	1503
1130	2	1537
306	0	1597
592	1	1503
1400	4	1560
907	2	1543
1265	2	1536
315	7	1547
350	5	1605
1084	7	1548
1318	3	1554
126	5	1603
1376	0	1595
851	5	1605
1262	1	1503
255	7	1548
524	1	1504
115	2	1513
318	5	1603
605	0	1595
85	2	1522
617	0	1579
1100	0	1582
1227	1	1500
359	6	1511
591	7	1548
318	4	1558
593	7	1546
324	6	1511
1144	3	1551
735	5	1603
1076	6	1507
163	7	1548
256	4	1558
702	2	1542
751	7	1548
964	5	1604
747	0	1582
399	1	1500
218	3	1551
939	3	1553
515	1	1503
1427	2	1537
868	3	1554
846	6	1508
1329	4	1557
108	4	1558
631	7	1548
1464	6	1508
1007	2	1537
324	0	1582
351	1	1504
100	4	1559
702	3	1550
390	6	1507
896	2	1525
1116	5	1603
626	1	1504
1223	6	1509
539	5	1603
182	7	1548
616	0	1593
217	4	1558
2	4	1561
1238	5	1606
471	0	1582
1111	3	1554
746	5	1603
1245	0	1581
107	0	1597
553	2	1525
148	1	1504
470	5	1605
858	2	1541
392	2	1537
1241	6	1511
437	2	1520
88	0	1596
193	5	1603
846	3	1553
989	4	1561
666	0	1573
564	2	1520
1397	2	1520
44	3	1551
1401	0	1597
981	2	1537
458	5	1605
1446	0	1564
1484	0	1597
978	7	1546
127	6	1508
427	0	1582
11	2	1543
1447	3	1554
979	1	1503
619	1	1500
171	6	1509
211	4	1555
1248	2	1525
1325	1	1500
881	5	1603
611	5	1606
210	1	1500
747	4	1557
1144	2	1514
70	2	1523
1390	0	1565
1410	5	1603
571	4	1558
788	5	1603
645	3	1551
536	6	1511
971	7	1546
1196	5	1603
786	4	1558
220	0	1582
62	6	1511
1352	0	1569
788	2	1531
765	3	1551
1129	7	1549
689	6	1507
1298	2	1513
182	5	1603
695	5	1606
1437	4	1561
519	2	1517
52	0	1567
1299	3	1554
1268	4	1556
1153	0	1573
824	3	1552
502	7	1548
904	1	1500
1417	0	1582
912	7	1547
1179	7	1548
376	5	1605
636	6	1507
1004	2	1525
446	4	1557
1457	1	1502
1472	5	1603
945	3	1554
941	3	1551
429	7	1546
925	7	1548
313	4	1557
1132	6	1508
1499	5	1603
130	0	1582
764	3	1552
1235	4	1555
1405	6	1507
285	5	1604
1331	0	1573
818	4	1561
613	3	1554
592	4	1557
237	3	1554
1316	3	1551
1249	4	1561
876	1	1500
1131	1	1500
531	7	1548
612	2	1537
472	3	1551
1293	3	1554
672	1	1504
989	6	1508
1481	4	1557
1304	1	1500
320	2	1535
1499	2	1521
1190	3	1551
295	5	1605
1422	2	1527
1471	1	1500
218	7	1548
1267	4	1556
633	2	1545
1090	2	1513
975	0	1593
623	3	1553
320	0	1579
358	7	1547
45	7	1548
469	7	1548
438	4	1557
1207	2	1514
857	2	1537
74	7	1548
1046	5	1604
1314	7	1549
1171	4	1559
1035	7	1548
988	1	1503
452	6	1507
403	7	1548
737	4	1560
554	1	1503
898	7	1547
122	1	1500
909	1	1503
1157	7	1547
153	1	1500
1430	3	1553
1324	6	1509
407	7	1548
1427	4	1557
1038	6	1511
1491	4	1555
240	4	1558
824	1	1500
1162	6	1511
145	3	1551
379	3	1551
526	1	1504
1406	0	1582
462	1	1500
1272	0	1597
34	3	1551
806	6	1507
1107	7	1548
1290	4	1557
453	1	1503
1446	4	1558
314	0	1582
1342	1	1504
1495	4	1558
1	1	1504
672	7	1548
1064	3	1554
280	2	1526
1403	2	1525
545	7	1548
1240	4	1557
186	3	1553
985	7	1548
404	6	1510
1181	0	1582
6	1	1503
277	6	1509
490	2	1533
1423	4	1557
1281	3	1551
210	3	1551
293	6	1507
142	6	1505
591	1	1504
623	7	1548
1256	2	1540
1446	3	1553
1382	7	1549
612	5	1603
513	4	1555
943	7	1548
26	1	1500
207	0	1582
534	6	1507
432	1	1500
1364	5	1603
281	5	1604
975	4	1555
533	6	1508
1433	2	1543
1438	1	1502
1387	7	1548
348	0	1595
996	2	1541
1330	5	1605
313	7	1548
40	4	1558
982	2	1532
846	4	1560
1486	1	1504
664	5	1603
818	2	1543
150	0	1593
1240	0	1582
248	5	1605
1092	6	1509
1097	7	1548
826	6	1508
731	5	1603
1228	5	1603
1441	6	1505
1476	6	1507
1282	0	1582
952	7	1548
1170	4	1557
344	5	1605
322	4	1555
1196	2	1513
897	3	1551
1391	5	1603
657	7	1548
1079	6	1507
947	3	1554
964	2	1525
1419	3	1553
1012	1	1504
431	4	1558
661	4	1557
446	6	1509
573	3	1553
112	0	1593
638	5	1606
366	7	1547
705	5	1605
874	5	1605
1333	4	1556
1455	7	1548
1301	0	1582
226	1	1504
232	5	1605
521	7	1546
832	2	1513
699	3	1551
210	4	1561
779	6	1507
41	7	1548
1317	5	1607
559	5	1606
1074	4	1557
1300	7	1548
920	7	1546
413	1	1500
131	2	1534
523	0	1582
619	6	1509
100	0	1582
751	0	1582
1338	7	1547
602	3	1553
527	2	1532
1202	0	1594
821	3	1552
1188	2	1512
1369	5	1603
597	6	1507
791	7	1548
315	6	1507
908	1	1500
36	7	1548
721	7	1547
74	2	1541
404	3	1551
327	0	1582
405	3	1551
1105	0	1582
265	1	1500
76	7	1548
1389	2	1526
569	5	1603
480	4	1558
431	1	1503
701	3	1551
806	0	1582
1061	5	1603
123	5	1600
596	1	1503
868	1	1500
488	7	1548
451	6	1508
1469	6	1509
305	0	1583
1385	3	1554
1116	6	1507
253	6	1508
909	5	1605
559	7	1548
326	4	1558
372	0	1590
1243	3	1551
754	3	1551
1070	2	1537
1001	1	1503
462	3	1552
747	3	1551
1355	3	1554
1223	4	1561
337	4	1558
468	3	1554
130	4	1560
217	0	1597
534	3	1551
541	4	1555
1456	6	1509
265	2	1531
794	1	1503
965	7	1548
1498	4	1558
321	0	1582
608	0	1587
207	5	1605
424	0	1593
863	7	1548
369	3	1551
334	6	1509
354	7	1546
741	0	1590
350	3	1551
277	4	1561
17	4	1557
389	1	1503
407	2	1543
1184	0	1566
956	1	1502
1068	1	1500
1406	3	1554
325	2	1537
367	4	1560
1474	2	1537
733	7	1548
223	1	1500
1105	6	1509
595	6	1507
626	5	1605
1354	0	1582
1344	7	1548
151	2	1517
746	2	1516
1406	1	1504
1383	1	1500
391	0	1582
174	1	1500
1164	4	1555
893	1	1500
97	4	1557
256	6	1507
562	1	1504
235	5	1605
1056	1	1501
960	4	1557
1093	0	1582
870	0	1574
1492	1	1504
271	3	1553
1174	6	1511
1248	6	1511
1190	7	1548
1170	5	1605
1417	7	1549
1037	0	1582
1284	3	1551
560	6	1510
114	6	1509
1360	6	1507
358	6	1507
610	1	1501
466	7	1548
1379	2	1514
231	7	1548
698	5	1603
1331	6	1507
539	1	1504
1083	3	1554
231	1	1504
496	5	1604
571	6	1509
257	0	1573
378	2	1527
994	2	1537
1152	4	1561
937	1	1500
1094	7	1546
444	2	1537
1403	0	1582
115	1	1504
1452	1	1504
461	2	1540
1204	2	1528
34	5	1603
1250	2	1537
185	5	1603
1203	7	1546
1404	7	1548
1009	2	1534
901	3	1550
595	7	1546
789	0	1582
56	0	1596
1218	5	1606
849	3	1551
738	1	1500
1133	1	1500
200	1	1503
240	0	1582
615	3	1554
1135	2	1537
11	3	1551
1003	7	1548
576	3	1553
1415	0	1565
218	6	1507
1135	0	1582
1213	6	1511
140	4	1555
1465	7	1547
1073	6	1507
1440	4	1557
1349	6	1508
479	1	1500
998	2	1533
204	7	1548
426	6	1509
945	4	1555
236	7	1548
731	4	1557
320	7	1548
1131	7	1546
752	6	1509
1084	5	1603
1356	2	1529
60	2	1534
730	6	1507
940	6	1507
367	5	1603
743	5	1605
906	3	1551
1360	7	1548
249	3	1551
61	6	1507
235	6	1509
511	5	1603
757	0	1582
119	1	1500
275	2	1537
126	2	1540
650	4	1557
668	6	1507
176	2	1531
53	5	1605
652	0	1582
980	0	1595
679	7	1547
602	0	1597
1036	1	1504
539	4	1555
456	6	1510
603	5	1605
483	6	1509
1316	0	1582
368	0	1582
263	7	1548
1317	2	1528
763	1	1504
415	6	1511
714	5	1605
813	4	1561
1172	6	1509
883	5	1605
1125	1	1503
362	1	1504
1420	1	1504
749	7	1549
1208	5	1602
1081	3	1554
689	5	1603
885	2	1514
231	2	1543
353	7	1546
760	5	1605
149	5	1603
473	1	1504
310	7	1548
722	7	1547
1356	3	1554
491	7	1548
40	1	1500
1002	0	1582
882	5	1603
830	7	1548
1170	2	1525
121	2	1520
251	2	1531
631	5	1606
770	1	1503
629	2	1519
867	4	1559
102	1	1502
872	7	1548
296	2	1531
497	2	1543
219	3	1554
1475	3	1553
336	3	1551
1238	4	1555
676	7	1548
53	1	1500
20	0	1582
324	1	1504
651	1	1500
236	2	1517
399	0	1582
811	4	1557
1033	0	1582
1010	5	1605
363	0	1595
729	0	1582
389	2	1512
859	6	1507
1031	7	1548
837	2	1516
853	0	1597
370	1	1500
364	2	1523
701	7	1548
1248	0	1582
573	5	1606
533	1	1503
110	2	1519
1356	0	1582
987	3	1554
1012	7	1547
28	3	1550
894	6	1509
89	1	1500
1488	0	1594
732	7	1548
87	1	1500
671	0	1582
321	5	1605
498	6	1510
794	0	1582
471	6	1511
813	5	1603
245	2	1537
1001	4	1557
423	3	1550
1201	3	1551
1379	5	1605
1351	4	1560
786	5	1603
824	5	1603
1198	4	1558
288	0	1593
437	7	1548
928	2	1535
1234	4	1557
517	4	1558
1327	1	1503
519	0	1565
1324	1	1503
1383	4	1557
712	2	1521
709	7	1548
1181	1	1504
111	0	1596
310	5	1603
569	0	1594
263	4	1558
1281	6	1507
1139	6	1507
1015	5	1601
996	1	1500
1453	4	1561
661	1	1503
480	5	1603
641	3	1554
1318	5	1605
1322	2	1538
1126	5	1605
1342	6	1509
110	6	1509
665	7	1549
938	7	1548
67	2	1537
513	6	1508
1078	2	1532
1151	2	1537
413	7	1549
643	5	1603
242	1	1500
638	3	1554
1028	7	1548
1056	7	1548
1204	7	1548
724	4	1557
1037	7	1548
961	2	1525
982	0	1582
288	7	1548
943	3	1553
1218	1	1504
860	4	1557
957	2	1525
1152	0	1582
1015	1	1504
626	0	1565
1149	6	1507
164	6	1507
1260	7	1548
535	4	1558
1208	0	1565
486	2	1527
1130	1	1500
1344	3	1551
1463	4	1556
78	3	1552
1189	5	1605
982	1	1500
934	5	1600
637	7	1548
1490	2	1543
1427	7	1548
405	0	1593
1315	5	1606
1334	0	1569
462	0	1582
1266	0	1582
1172	7	1547
789	7	1548
662	0	1582
162	3	1554
93	6	1508
393	7	1548
511	2	1516
1286	6	1508
1071	1	1504
383	2	1543
1107	3	1552
704	3	1550
1099	0	1582
869	6	1508
903	2	1514
31	6	1509
1209	4	1557
187	4	1558
304	0	1597
322	1	1504
241	1	1504
480	2	1527
471	3	1553
1250	7	1547
898	1	1504
1244	6	1507
1308	0	1582
486	1	1500
477	0	1570
1401	4	1558
858	4	1557
1256	5	1603
750	5	1603
550	2	1541
832	5	1603
1263	3	1551
972	3	1551
1204	6	1508
866	4	1558
349	4	1557
1341	4	1555
1268	6	1511
1131	5	1606
1166	7	1546
988	2	1534
1126	2	1526
401	0	1563
1232	1	1500
926	3	1553
30	6	1509
1288	1	1504
1404	6	1507
795	4	1561
817	2	1526
875	0	1582
775	0	1582
929	6	1509
307	0	1573
459	7	1548
278	1	1501
21	4	1555
1190	0	1565
737	2	1541
613	6	1507
400	0	1582
340	0	1582
629	3	1553
1446	6	1509
1152	6	1509
716	1	1500
811	6	1511
1137	6	1511
1478	6	1507
43	5	1603
466	5	1603
1310	5	1605
128	0	1595
951	3	1551
1090	3	1551
1149	4	1557
504	6	1511
67	3	1553
164	5	1604
218	1	1502
1022	1	1500
245	5	1604
642	6	1511
1192	4	1555
1072	6	1508
595	0	1582
258	6	1509
755	2	1543
5	4	1557
772	2	1514
1290	0	1582
1137	1	1504
969	4	1557
1042	4	1558
640	1	1504
179	1	1503
677	1	1504
21	5	1603
390	4	1555
1250	1	1504
1483	7	1548
855	6	1509
1143	6	1511
514	7	1548
442	7	1546
252	1	1503
660	1	1500
262	5	1604
653	7	1548
493	6	1511
748	0	1565
568	5	1603
804	2	1524
711	2	1521
60	6	1511
380	3	1551
626	7	1548
1265	5	1606
1024	6	1511
427	5	1605
861	2	1534
705	3	1554
872	5	1605
1415	5	1604
287	1	1504
1379	0	1582
1267	6	1508
1117	0	1597
558	1	1504
145	5	1598
615	4	1555
764	7	1548
793	4	1558
1453	1	1504
938	5	1605
1259	4	1560
286	2	1531
1394	3	1554
1499	6	1508
489	7	1548
682	1	1500
356	2	1525
835	7	1548
661	7	1548
681	7	1548
1117	3	1551
723	4	1559
1169	7	1548
1184	7	1548
1475	7	1548
890	7	1547
377	0	1573
381	2	1513
594	2	1545
1159	1	1502
141	5	1603
120	7	1548
1242	3	1551
951	2	1537
614	4	1557
1445	4	1557
81	7	1547
1256	4	1555
1374	0	1574
373	3	1554
772	3	1552
1281	7	1548
443	2	1537
353	5	1605
969	7	1549
1218	7	1548
1159	6	1508
884	4	1555
525	3	1551
1323	1	1504
135	4	1559
1443	3	1554
1045	5	1606
1128	5	1603
175	3	1554
1363	0	1582
716	7	1548
1178	3	1554
1489	0	1582
214	5	1600
767	4	1559
976	7	1549
831	1	1503
1203	6	1507
405	7	1547
98	7	1547
1471	0	1593
1145	6	1509
1366	3	1552
1229	3	1551
1367	2	1526
1080	4	1557
194	5	1603
1075	7	1548
348	5	1603
1364	6	1508
398	1	1503
649	3	1552
987	1	1500
1292	4	1558
1139	1	1500
1011	0	1597
1067	6	1508
137	5	1603
796	2	1536
628	3	1551
343	0	1567
32	6	1507
364	0	1582
1187	4	1560
778	0	1579
1110	0	1593
932	1	1500
1204	1	1503
132	1	1503
58	5	1603
817	7	1548
223	5	1605
1366	4	1561
53	4	1561
950	6	1507
1413	1	1503
67	4	1559
1233	2	1536
72	5	1600
1224	3	1551
918	2	1537
1242	5	1605
1101	1	1504
963	7	1549
876	5	1605
578	5	1605
664	4	1560
175	1	1504
1057	3	1554
879	3	1554
514	4	1557
1181	6	1509
1233	1	1504
1010	3	1551
722	0	1582
127	1	1503
61	4	1555
875	4	1557
667	0	1582
1032	0	1582
991	7	1548
1475	1	1500
437	4	1558
627	0	1579
142	3	1554
743	4	1557
74	6	1509
272	4	1561
1119	7	1548
716	0	1582
1165	0	1597
1118	4	1557
1240	1	1504
706	5	1603
1073	7	1548
717	3	1552
1312	5	1603
1191	4	1557
169	4	1558
979	5	1605
642	4	1557
507	6	1508
53	6	1507
947	0	1582
19	6	1507
1387	6	1508
1097	2	1532
954	1	1503
431	6	1510
627	3	1551
727	6	1508
83	4	1555
1100	3	1553
178	5	1606
37	1	1500
1025	0	1582
388	0	1582
593	6	1507
176	3	1552
895	0	1582
1394	6	1507
60	1	1503
196	5	1603
206	1	1503
1471	7	1546
1206	0	1582
875	2	1523
573	1	1500
185	3	1554
617	2	1537
1108	5	1603
666	1	1504
662	5	1606
660	4	1558
785	6	1507
1029	2	1531
1296	3	1553
1245	6	1509
431	5	1603
1161	5	1603
409	5	1603
1130	0	1594
1137	0	1579
26	3	1551
985	2	1520
648	1	1500
6	2	1534
685	0	1597
500	7	1548
697	0	1573
607	3	1551
451	4	1557
84	5	1605
1410	7	1549
206	5	1605
1490	1	1500
1216	2	1523
1485	6	1507
1209	0	1582
1435	3	1554
911	1	1504
100	3	1550
47	3	1551
690	0	1569
275	1	1504
67	1	1502
121	4	1558
887	4	1560
253	2	1540
1206	4	1557
766	5	1598
76	1	1502
2	6	1509
293	4	1559
1432	1	1504
524	3	1551
130	5	1605
79	1	1503
368	2	1534
1222	1	1504
452	7	1548
258	4	1555
119	3	1554
155	6	1509
1064	0	1582
358	5	1603
620	7	1547
1078	6	1509
1165	6	1507
336	2	1516
402	1	1502
835	3	1554
667	1	1500
1198	6	1511
581	2	1537
543	7	1548
1375	6	1508
1040	2	1543
988	6	1508
896	3	1551
521	6	1510
942	3	1554
1492	6	1509
1388	2	1526
962	3	1554
603	4	1557
643	6	1507
401	4	1557
1	7	1548
1476	2	1516
664	1	1500
1357	1	1502
1348	5	1603
1479	7	1548
1200	6	1509
783	7	1548
1305	5	1603
450	4	1557
135	3	1553
864	0	1582
156	5	1605
1378	4	1557
239	1	1502
1080	1	1500
761	5	1603
325	4	1558
474	1	1504
438	7	1548
921	0	1596
553	4	1557
255	3	1551
1202	3	1553
335	2	1516
555	7	1548
1422	0	1597
1117	6	1511
453	4	1557
733	0	1590
284	2	1526
428	3	1553
1345	4	1555
214	4	1557
1084	0	1586
853	1	1500
983	5	1604
938	2	1522
1308	3	1553
111	7	1546
135	1	1502
56	6	1508
670	0	1597
576	2	1541
312	7	1548
1079	2	1532
1275	7	1548
1184	3	1552
1154	6	1509
516	4	1561
900	2	1519
1342	3	1551
937	7	1548
1491	3	1551
1410	2	1516
1079	4	1560
719	5	1606
42	0	1595
1124	6	1509
151	3	1554
435	3	1553
999	6	1508
955	6	1508
73	0	1597
596	3	1553
886	5	1603
919	3	1551
1464	3	1552
1222	3	1551
972	7	1548
447	1	1500
643	7	1549
795	3	1552
1140	0	1579
657	2	1537
1182	6	1509
295	3	1551
1330	1	1504
204	3	1551
73	1	1504
1296	5	1603
161	2	1526
60	0	1565
396	7	1548
1391	4	1556
340	3	1551
661	2	1517
968	2	1534
237	2	1513
1009	4	1557
590	4	1557
585	0	1582
708	3	1552
741	7	1547
916	1	1503
91	4	1558
422	3	1551
14	4	1560
13	1	1500
1343	5	1603
1394	4	1558
96	4	1557
965	2	1512
923	7	1549
203	6	1509
1182	7	1547
263	1	1503
136	3	1551
138	5	1605
400	2	1540
288	4	1561
669	3	1553
157	4	1558
1206	2	1525
798	5	1605
1459	3	1553
653	2	1523
118	7	1548
1334	2	1524
288	5	1603
1333	5	1603
1463	2	1520
1245	2	1523
263	6	1507
129	0	1574
1072	4	1558
113	4	1555
85	3	1552
175	4	1555
222	7	1548
1367	3	1551
1206	5	1605
402	2	1540
693	4	1560
348	2	1526
302	4	1559
67	0	1582
1094	2	1514
596	7	1546
797	1	1502
129	6	1508
1370	5	1605
888	6	1511
1211	1	1504
1099	7	1549
579	3	1554
147	3	1554
982	3	1553
387	2	1516
464	3	1552
797	3	1551
795	6	1507
626	4	1557
1075	5	1603
759	5	1603
221	1	1502
1451	5	1603
984	3	1554
28	2	1543
399	5	1606
98	6	1507
681	0	1582
890	1	1502
262	2	1526
1211	3	1551
1362	2	1532
458	6	1510
980	6	1511
726	4	1560
28	4	1558
1035	0	1582
283	2	1541
854	3	1554
801	5	1603
288	2	1522
1394	0	1597
1325	0	1582
1440	1	1503
1319	7	1548
1127	4	1561
1244	2	1537
90	0	1582
825	1	1503
1362	4	1557
1401	2	1516
131	6	1507
673	0	1582
1375	0	1595
968	5	1605
929	3	1551
1223	0	1582
233	6	1509
1124	7	1549
917	2	1513
1469	4	1557
269	2	1529
147	6	1509
170	6	1507
1459	7	1549
495	7	1548
528	4	1555
655	1	1504
567	4	1555
1373	2	1537
698	3	1551
1378	7	1548
176	5	1605
794	5	1605
427	1	1500
491	6	1508
1149	7	1548
737	6	1509
1380	4	1557
374	7	1548
496	3	1551
1399	1	1503
710	6	1508
628	5	1603
301	0	1582
1246	0	1582
7	7	1547
466	3	1551
463	0	1590
613	0	1582
375	1	1503
790	0	1597
742	4	1557
546	2	1514
1369	6	1511
1120	4	1560
743	6	1508
507	2	1524
139	6	1507
1204	5	1606
9	5	1605
1054	4	1558
1364	7	1548
377	2	1527
137	6	1509
531	5	1606
430	1	1500
121	6	1507
148	2	1537
1228	2	1537
391	3	1553
866	0	1597
855	7	1547
1286	2	1541
1387	3	1551
150	2	1522
45	1	1500
169	2	1521
1189	4	1557
468	0	1582
311	6	1511
1314	1	1504
534	4	1555
683	5	1603
137	2	1516
1115	2	1525
213	7	1549
237	6	1509
585	4	1555
1112	2	1543
584	0	1593
771	1	1504
1436	0	1565
1192	3	1551
192	6	1508
1476	7	1548
1039	1	1504
552	1	1504
265	7	1549
190	5	1603
656	1	1503
952	5	1604
614	5	1605
353	0	1582
455	2	1545
502	2	1543
1421	6	1508
424	3	1551
710	4	1557
391	4	1557
1421	5	1603
106	4	1558
1179	0	1582
507	1	1501
1435	7	1548
160	0	1582
676	0	1582
638	0	1579
883	7	1546
1470	7	1548
507	0	1569
1369	4	1558
75	0	1582
761	3	1550
1056	2	1527
65	0	1574
544	3	1551
721	6	1507
202	3	1553
235	0	1582
1267	3	1551
453	7	1546
828	2	1543
759	1	1503
777	1	1504
1320	2	1524
319	6	1509
1235	5	1605
382	1	1504
1019	7	1548
1433	3	1551
464	5	1606
1321	3	1553
989	3	1554
1274	2	1513
62	3	1551
1037	4	1557
303	1	1500
1361	5	1606
372	5	1603
896	7	1547
838	5	1603
371	6	1509
229	3	1551
181	7	1548
1237	0	1565
63	3	1553
738	3	1551
1409	6	1507
81	2	1514
1032	7	1547
56	2	1521
68	1	1503
269	4	1556
302	6	1507
1050	6	1510
822	1	1503
1208	7	1548
1376	4	1558
751	6	1509
1251	4	1558
1392	7	1548
1495	1	1504
710	1	1500
1360	4	1558
1268	1	1504
1120	3	1551
636	0	1576
1395	2	1526
1418	1	1500
7	2	1537
381	0	1595
1370	6	1508
267	5	1603
740	6	1508
939	5	1603
875	3	1554
508	5	1603
1195	7	1546
117	1	1503
248	3	1551
1027	5	1603
1246	7	1548
1381	5	1603
935	4	1560
215	6	1507
948	4	1560
1206	3	1551
548	5	1605
1184	1	1500
434	6	1507
1456	4	1561
719	0	1582
663	1	1503
990	3	1553
1144	6	1511
762	3	1553
757	6	1507
603	1	1504
78	1	1500
40	2	1531
1250	5	1606
594	7	1546
724	1	1500
918	4	1557
655	3	1551
788	4	1558
486	4	1558
493	7	1548
1210	0	1582
753	5	1603
892	1	1504
139	7	1547
677	3	1551
853	4	1555
1031	3	1551
1004	5	1604
251	4	1561
450	7	1548
862	0	1582
1091	6	1507
810	0	1582
277	2	1513
1202	7	1548
1442	7	1548
0	3	1554
1052	1	1500
1299	7	1547
458	3	1552
127	2	1512
1000	0	1582
1103	5	1603
137	7	1548
1358	7	1548
1333	0	1565
1353	5	1603
1150	2	1540
1168	4	1557
171	2	1522
20	1	1504
292	2	1531
974	1	1500
410	2	1540
475	5	1606
1388	3	1554
833	1	1500
792	3	1551
279	4	1560
680	5	1603
211	2	1535
627	5	1603
408	2	1534
260	3	1554
196	4	1555
1060	3	1554
455	1	1504
590	6	1509
836	5	1603
760	4	1559
1474	6	1507
958	7	1548
1050	4	1561
1431	7	1548
920	5	1605
1015	3	1554
1041	3	1551
225	5	1604
1253	6	1508
1305	2	1537
921	7	1548
512	5	1607
974	2	1532
1480	2	1527
854	0	1597
206	0	1582
613	7	1546
599	1	1503
1126	7	1547
404	0	1565
178	7	1548
1367	1	1500
716	2	1516
79	7	1548
516	7	1548
430	6	1507
837	0	1569
1157	1	1500
235	2	1537
495	4	1558
196	1	1504
729	5	1605
1145	5	1605
1408	4	1555
750	3	1554
117	6	1511
478	3	1551
910	0	1582
637	1	1500
1472	4	1561
1453	6	1509
138	4	1561
451	2	1533
384	6	1511
33	2	1527
605	7	1549
227	4	1557
1277	7	1548
1230	6	1507
743	7	1548
557	4	1558
913	4	1559
721	4	1557
1079	0	1582
380	4	1558
1136	0	1582
793	1	1503
604	5	1603
171	3	1553
156	3	1554
1391	7	1549
410	3	1553
811	7	1546
1278	2	1537
141	3	1550
164	1	1503
649	5	1603
878	2	1543
61	5	1603
809	5	1605
500	4	1555
665	3	1551
1115	3	1553
18	6	1511
966	4	1559
645	0	1597
20	5	1606
1197	5	1603
1185	2	1539
768	0	1595
65	5	1603
448	3	1554
466	4	1557
1320	7	1548
876	2	1520
943	5	1604
421	5	1605
810	2	1537
1064	2	1521
915	3	1550
1032	2	1532
1203	4	1555
880	4	1557
1060	6	1507
911	4	1555
591	6	1509
1067	4	1558
1101	4	1557
712	1	1503
183	0	1594
956	5	1605
651	4	1560
544	1	1503
1302	5	1602
434	3	1554
1463	5	1603
1490	4	1555
412	7	1548
508	2	1537
351	7	1548
733	6	1507
457	0	1582
411	6	1511
50	4	1561
1195	4	1557
986	3	1553
936	0	1582
1032	1	1504
148	3	1554
693	5	1605
592	5	1603
1348	6	1507
914	4	1557
861	7	1548
1250	4	1557
173	0	1593
639	1	1500
63	7	1548
1255	1	1500
913	7	1548
22	1	1500
607	7	1549
130	6	1508
93	2	1517
859	0	1582
984	6	1507
35	6	1511
1050	1	1500
502	4	1558
506	5	1603
848	7	1547
70	6	1508
1169	6	1511
448	2	1523
127	3	1554
1368	2	1537
616	7	1548
656	4	1561
902	4	1558
425	0	1590
942	7	1548
33	3	1551
663	3	1552
550	3	1554
1081	0	1582
241	4	1561
972	4	1557
529	2	1527
1327	2	1525
1207	3	1554
102	0	1597
990	5	1605
91	2	1527
309	4	1557
1312	3	1551
1490	5	1603
784	3	1554
201	3	1553
11	7	1548
1363	4	1557
269	7	1548
1230	3	1552
808	1	1503
1448	7	1548
204	6	1509
766	7	1548
438	5	1606
392	7	1548
1124	3	1551
96	2	1526
828	0	1574
553	3	1554
721	5	1605
1326	6	1507
1258	7	1548
54	7	1548
860	3	1551
1299	5	1606
512	0	1569
1082	6	1507
1468	2	1522
273	0	1582
967	1	1500
298	4	1557
1160	0	1579
1249	0	1582
457	6	1511
139	3	1551
158	1	1500
179	3	1554
1285	5	1605
1100	6	1507
770	5	1603
685	6	1507
855	1	1504
51	3	1551
390	7	1548
176	4	1560
540	6	1507
1270	4	1557
1333	2	1531
434	7	1548
1119	0	1582
941	0	1582
1070	0	1579
836	3	1554
565	7	1548
1017	1	1504
1279	0	1582
1461	4	1561
327	3	1554
332	7	1548
608	7	1547
528	0	1582
564	6	1507
514	2	1516
815	6	1508
796	6	1508
765	4	1557
963	4	1557
499	6	1507
1040	0	1597
1388	7	1548
447	2	1532
771	4	1556
49	3	1551
565	4	1555
140	1	1503
815	0	1595
776	2	1512
1186	3	1553
367	7	1548
117	3	1554
184	5	1603
1002	2	1512
1045	4	1561
48	4	1558
824	0	1594
455	0	1594
84	1	1502
1478	1	1503
1090	5	1606
1200	3	1554
955	2	1534
215	1	1503
153	2	1531
432	0	1582
918	6	1507
859	2	1529
1321	0	1582
436	0	1582
874	1	1500
341	3	1553
1345	6	1508
1339	7	1548
230	3	1552
334	0	1582
521	2	1514
856	4	1556
805	4	1559
240	3	1551
544	6	1511
642	2	1534
869	2	1535
1459	6	1508
1290	7	1547
521	3	1553
973	5	1605
331	7	1549
151	1	1500
150	4	1558
1027	3	1551
892	5	1605
196	7	1547
356	4	1557
1228	6	1508
186	1	1502
99	5	1603
1382	1	1501
461	5	1603
438	3	1554
1397	1	1502
768	5	1603
921	2	1540
733	3	1552
1090	4	1561
890	3	1552
396	6	1510
752	1	1504
831	2	1520
1414	4	1555
1141	4	1557
446	7	1548
913	2	1529
368	7	1547
423	7	1549
1065	2	1521
384	5	1606
360	2	1513
420	6	1511
518	5	1603
1133	3	1551
1282	3	1551
978	0	1594
1105	2	1537
305	3	1553
808	4	1558
873	0	1582
860	2	1523
879	6	1507
1136	5	1605
1468	0	1593
1355	2	1537
1302	0	1582
86	5	1603
1429	3	1553
952	0	1582
1436	3	1551
953	4	1557
445	0	1565
744	6	1507
1172	3	1552
1310	4	1557
792	1	1500
33	5	1603
925	2	1541
554	2	1527
94	1	1503
285	3	1551
739	5	1603
1075	2	1540
471	1	1503
891	2	1525
858	5	1603
221	0	1595
155	0	1595
813	3	1554
395	2	1540
571	2	1513
401	7	1548
909	0	1570
905	2	1535
147	7	1547
1061	0	1573
433	3	1553
665	6	1507
655	5	1605
395	6	1507
261	2	1527
824	7	1547
92	0	1582
1003	0	1582
1172	1	1500
1425	6	1507
920	6	1510
788	0	1595
253	5	1605
255	0	1597
564	0	1597
1148	7	1547
882	6	1509
1235	6	1509
195	4	1558
424	2	1535
1071	3	1551
507	4	1557
271	7	1548
375	2	1528
579	0	1579
343	4	1559
667	7	1548
170	0	1582
4	6	1509
487	1	1504
923	3	1554
291	2	1533
509	6	1511
581	4	1558
789	2	1536
753	2	1541
1356	5	1602
1179	1	1504
640	4	1557
1408	7	1547
689	1	1503
490	5	1605
733	2	1537
1160	5	1603
571	1	1500
1381	4	1561
637	2	1536
664	6	1507
155	1	1504
300	5	1605
728	2	1513
1477	1	1503
73	3	1551
1459	5	1605
1390	1	1500
563	3	1551
159	1	1503
291	7	1546
523	3	1551
867	0	1582
1010	0	1582
628	6	1509
401	6	1510
608	1	1500
491	4	1557
1211	4	1557
972	0	1582
386	6	1511
679	1	1500
86	3	1554
1262	6	1508
893	4	1555
1404	5	1605
924	7	1549
784	5	1603
742	1	1500
1460	5	1606
407	0	1595
852	5	1605
1165	2	1527
852	0	1582
983	4	1557
1483	3	1551
853	5	1603
1456	5	1605
1491	1	1500
123	3	1554
254	4	1558
1354	6	1507
543	3	1553
447	5	1606
722	3	1553
787	1	1502
40	5	1603
1107	1	1500
188	1	1503
699	5	1606
743	2	1517
185	6	1507
354	5	1603
268	0	1582
1396	1	1504
403	6	1507
1489	1	1504
1128	3	1554
1494	2	1527
280	1	1504
1441	5	1603
1114	0	1590
241	6	1509
1440	2	1526
545	6	1511
1419	4	1559
947	1	1500
1348	0	1597
184	3	1553
1226	2	1532
549	3	1553
552	6	1508
786	2	1521
441	5	1603
366	2	1517
600	6	1511
1122	3	1553
533	5	1607
1052	3	1551
153	6	1509
1397	4	1558
494	7	1548
1280	3	1551
290	5	1605
365	6	1509
619	3	1551
1428	3	1553
1120	7	1546
1121	2	1534
1206	6	1507
170	4	1561
23	3	1551
304	5	1603
1008	4	1557
1087	0	1570
1326	0	1582
268	7	1549
813	7	1547
1325	7	1547
1368	0	1579
814	0	1582
640	0	1582
364	3	1554
945	6	1508
1084	4	1558
32	3	1551
167	2	1543
1212	7	1546
1451	2	1513
834	3	1553
339	3	1554
1416	4	1560
1233	5	1606
696	4	1558
726	5	1605
1186	1	1503
1195	5	1606
679	4	1556
1230	7	1548
811	3	1554
880	6	1511
501	4	1557
365	4	1558
203	2	1543
1205	0	1582
857	7	1547
870	3	1554
272	0	1573
244	4	1557
933	1	1503
600	3	1554
1380	5	1598
1338	3	1552
1316	7	1548
36	6	1506
1087	7	1546
1349	1	1500
205	0	1595
834	6	1509
1013	1	1500
1044	1	1504
1150	5	1599
1071	7	1549
698	2	1521
499	3	1552
98	2	1527
854	5	1603
118	4	1555
1023	4	1557
260	2	1527
425	6	1507
1043	1	1504
273	3	1551
833	5	1603
478	0	1597
370	0	1573
259	7	1549
1255	6	1509
582	1	1504
1033	4	1561
1414	0	1574
148	0	1582
283	6	1509
955	1	1503
1160	6	1511
105	1	1500
442	2	1520
1108	0	1593
294	7	1548
668	5	1603
419	1	1504
103	7	1548
535	7	1548
301	4	1559
8	2	1538
785	0	1582
41	0	1595
783	4	1557
615	2	1543
1247	6	1509
603	6	1511
1098	2	1529
1213	2	1540
199	4	1555
808	3	1551
527	6	1507
401	1	1500
479	5	1606
1220	6	1507
944	4	1555
1378	3	1554
767	2	1526
821	7	1548
507	5	1605
493	3	1554
957	4	1557
1366	0	1582
1361	4	1557
983	7	1548
1024	3	1551
1447	6	1507
799	2	1525
307	1	1504
751	5	1605
1498	0	1565
1400	3	1553
472	1	1504
619	0	1570
1	0	1579
25	1	1502
796	0	1582
798	2	1529
29	1	1503
1096	2	1536
990	0	1582
219	2	1514
293	3	1553
1287	4	1557
888	3	1551
1359	4	1555
421	0	1582
133	2	1540
1108	1	1500
38	7	1549
1480	0	1583
393	5	1604
882	2	1516
256	3	1554
818	0	1582
1018	2	1543
310	3	1552
1389	4	1559
1066	7	1546
1211	0	1582
120	3	1550
1247	0	1579
574	3	1551
737	0	1582
948	3	1554
818	3	1554
1155	7	1548
545	1	1503
1145	4	1561
368	4	1557
816	6	1507
1076	1	1503
1208	6	1507
284	0	1582
547	5	1603
127	5	1603
1467	7	1548
1042	2	1542
1235	1	1500
1038	5	1603
3	0	1565
1041	4	1561
1365	5	1604
1188	0	1594
280	3	1551
766	1	1503
1277	2	1537
610	5	1603
1498	7	1549
46	7	1548
1287	7	1548
529	4	1558
238	4	1558
827	5	1603
916	4	1556
588	2	1516
802	4	1558
992	2	1513
897	0	1573
1265	1	1503
1408	0	1582
623	5	1603
1415	7	1548
1499	0	1592
197	4	1557
1357	4	1559
1411	6	1511
1479	2	1537
891	6	1508
1483	4	1560
1315	4	1561
671	4	1555
84	7	1546
1218	2	1542
489	0	1582
357	5	1603
86	7	1546
237	1	1500
250	5	1605
134	6	1507
681	5	1606
8	5	1605
537	1	1504
1342	4	1561
328	0	1582
255	5	1603
1446	2	1520
658	4	1557
380	1	1500
115	0	1574
699	7	1548
398	0	1582
128	7	1548
1477	3	1553
1289	0	1582
1270	5	1605
917	6	1507
439	1	1500
1370	0	1582
1126	3	1551
1017	2	1514
36	3	1551
1082	5	1603
596	2	1532
7	5	1603
683	3	1551
1456	2	1542
35	7	1548
1233	4	1557
293	1	1503
308	5	1605
804	6	1511
1413	5	1603
402	3	1551
1492	5	1603
1145	2	1543
868	6	1507
177	2	1537
1011	4	1557
705	0	1582
1281	0	1582
827	1	1504
973	1	1504
964	3	1554
540	0	1582
101	2	1513
223	4	1557
762	4	1561
369	4	1558
400	4	1557
5	1	1504
645	6	1507
1375	4	1558
114	3	1550
1460	0	1582
926	1	1500
1052	7	1548
625	1	1503
863	5	1605
585	7	1547
603	3	1553
206	4	1556
475	7	1548
461	7	1547
939	7	1548
1161	1	1502
181	3	1554
984	0	1582
156	6	1507
138	2	1516
845	4	1557
1263	2	1512
1490	0	1574
412	5	1603
861	0	1582
1435	1	1500
1350	5	1603
484	2	1522
202	4	1557
577	6	1509
1194	0	1582
1158	4	1558
1201	6	1511
1199	6	1509
1272	6	1509
83	0	1574
1216	4	1560
946	1	1500
902	6	1509
744	7	1548
39	1	1504
1169	3	1551
837	7	1547
814	4	1557
1263	0	1595
912	6	1507
879	5	1604
64	5	1603
680	6	1507
680	3	1551
706	0	1596
466	6	1511
948	6	1511
14	2	1540
720	7	1547
596	0	1579
1174	3	1553
1270	3	1551
698	7	1549
1403	3	1554
1459	1	1503
464	2	1535
185	2	1531
315	5	1605
1293	2	1525
1224	1	1504
242	4	1558
245	0	1582
1216	3	1551
190	7	1548
155	7	1546
273	1	1504
212	2	1531
646	0	1570
1144	5	1605
335	6	1506
804	7	1548
514	1	1504
995	2	1537
1039	0	1570
1441	2	1522
609	1	1500
971	5	1605
107	7	1548
217	5	1603
151	4	1557
598	1	1501
593	3	1554
623	6	1511
32	5	1603
730	0	1582
1191	1	1503
899	7	1548
361	1	1500
755	4	1558
169	6	1507
907	0	1582
1008	6	1508
76	3	1554
896	1	1500
121	5	1603
463	2	1535
490	4	1557
298	6	1508
233	5	1605
461	1	1504
1230	5	1605
450	5	1605
55	0	1582
1154	3	1551
30	1	1504
1099	6	1507
279	7	1547
1128	7	1548
934	0	1562
766	0	1562
843	3	1554
1405	2	1534
214	6	1507
1192	0	1574
1217	1	1500
172	1	1502
1329	0	1582
1224	0	1582
190	3	1553
548	6	1509
89	6	1507
874	6	1507
1225	2	1532
296	0	1597
801	2	1541
1117	1	1500
1247	7	1548
1125	0	1596
621	7	1548
515	2	1536
1398	3	1553
515	6	1510
677	0	1582
1027	6	1509
1185	0	1582
1412	2	1513
1248	4	1556
1388	1	1500
441	0	1580
568	2	1524
618	5	1606
591	4	1557
1234	6	1508
1225	1	1504
444	5	1606
551	2	1536
469	4	1560
733	1	1500
311	5	1606
512	7	1547
342	3	1553
217	3	1552
522	5	1606
1184	4	1555
1011	7	1547
1329	6	1506
143	2	1520
928	4	1559
1036	4	1557
652	6	1507
561	0	1582
249	4	1561
343	2	1543
887	2	1523
821	1	1502
1458	2	1517
231	6	1509
831	5	1606
1028	2	1535
915	6	1509
881	0	1593
385	4	1555
1231	4	1557
675	2	1537
191	0	1569
637	6	1511
446	2	1523
485	1	1504
564	1	1500
870	7	1548
294	3	1551
896	0	1582
971	2	1525
1164	5	1605
220	2	1526
979	2	1516
85	0	1593
1025	4	1561
338	6	1509
840	1	1500
158	4	1559
1408	5	1599
1147	2	1543
7	3	1552
1036	3	1554
253	4	1555
954	4	1557
1409	3	1553
1019	6	1511
843	2	1521
1399	0	1586
970	3	1551
466	0	1597
215	5	1605
1487	4	1555
1495	3	1551
1061	6	1507
279	1	1500
304	1	1500
197	0	1593
372	1	1500
617	5	1603
1273	4	1557
1063	6	1505
847	7	1548
753	0	1590
598	5	1599
1118	0	1590
135	5	1605
1357	7	1546
1097	4	1557
424	5	1603
9	2	1539
460	4	1557
39	5	1605
1270	2	1523
197	5	1603
1227	6	1509
1005	3	1553
1370	1	1504
1367	4	1559
337	7	1548
1070	4	1558
1183	3	1553
1113	2	1531
817	0	1582
849	2	1537
1264	5	1605
1475	4	1557
993	1	1503
942	0	1590
97	1	1500
1468	1	1503
1085	0	1579
27	5	1603
165	2	1531
1264	4	1557
474	5	1605
377	6	1511
1239	5	1605
1143	2	1537
624	6	1509
616	5	1603
986	5	1605
1444	4	1555
166	3	1553
587	3	1551
61	7	1548
1491	2	1540
1122	0	1579
692	7	1548
718	2	1543
1201	1	1500
669	2	1517
42	1	1504
1439	7	1546
738	7	1546
529	7	1548
878	6	1507
1401	5	1603
1081	1	1500
609	5	1603
1020	2	1512
623	1	1500
1418	7	1549
198	3	1551
656	2	1522
457	4	1557
1282	1	1500
309	2	1528
352	4	1557
253	1	1500
934	1	1504
210	2	1513
1381	0	1571
316	5	1603
158	3	1553
1429	1	1503
1469	1	1500
1192	1	1504
74	4	1555
327	6	1511
1481	3	1554
1485	1	1503
357	0	1573
606	5	1605
349	6	1508
227	1	1504
508	6	1509
664	7	1549
776	7	1548
494	5	1606
65	7	1549
468	1	1503
1088	4	1561
132	5	1605
511	3	1551
1434	6	1507
1013	3	1554
1356	6	1507
971	6	1511
161	4	1559
1423	7	1548
1269	5	1604
699	1	1500
700	4	1561
1018	3	1551
1268	0	1582
737	7	1546
574	4	1555
582	0	1597
433	4	1557
1279	6	1511
1454	5	1605
1274	1	1500
278	2	1534
1343	1	1504
550	1	1504
1139	0	1582
848	6	1507
398	6	1509
194	4	1558
855	3	1551
1404	3	1554
920	4	1557
875	1	1504
371	4	1557
724	5	1605
548	4	1561
979	4	1555
1177	6	1509
713	1	1502
163	5	1603
1461	5	1603
780	6	1509
444	4	1557
931	5	1605
818	1	1500
640	3	1551
177	4	1557
881	4	1557
460	7	1547
11	0	1565
1221	1	1504
715	6	1509
521	4	1561
134	5	1603
49	6	1509
406	5	1603
886	6	1511
1382	4	1560
392	1	1504
749	6	1507
58	1	1503
98	0	1592
1076	2	1515
51	2	1516
429	4	1557
75	2	1526
744	0	1573
38	0	1570
319	1	1504
1296	7	1548
756	1	1503
1014	0	1591
1440	6	1508
128	5	1603
637	3	1552
122	3	1551
685	7	1548
774	7	1547
158	2	1526
464	1	1501
558	3	1553
125	2	1543
472	6	1507
893	7	1548
1317	6	1507
1008	1	1503
916	0	1569
119	6	1509
373	7	1549
1314	2	1531
1187	0	1593
443	5	1606
1465	4	1558
242	0	1595
625	5	1605
687	6	1509
218	4	1558
1012	2	1512
1336	3	1551
1276	4	1555
494	6	1508
1307	5	1602
861	1	1502
969	3	1553
644	2	1545
1232	4	1561
702	5	1603
155	4	1558
1472	7	1546
1077	0	1592
1395	1	1504
1048	2	1532
1222	4	1561
1242	7	1548
1498	2	1521
518	2	1543
1219	2	1543
481	3	1554
335	3	1554
228	5	1603
877	4	1561
1486	5	1603
1312	0	1579
273	6	1508
1402	0	1597
1318	2	1537
748	4	1555
46	4	1557
1176	0	1582
907	3	1551
1309	3	1554
317	0	1582
357	3	1551
163	2	1527
641	5	1605
246	4	1557
1009	6	1509
338	2	1543
288	1	1503
723	0	1582
1392	5	1603
899	1	1503
915	0	1565
1124	2	1525
1452	3	1554
551	3	1554
204	1	1504
1115	5	1605
715	3	1551
57	5	1605
220	3	1553
1252	1	1504
1232	2	1535
541	2	1543
595	3	1553
1276	6	1507
1156	7	1546
585	3	1551
266	4	1557
176	0	1569
274	2	1531
930	2	1516
501	1	1504
1397	5	1603
1080	0	1593
1206	1	1504
723	3	1553
800	3	1553
271	4	1557
537	3	1551
1002	5	1605
1359	1	1500
1176	5	1606
77	1	1503
815	7	1548
1152	5	1606
186	2	1531
922	0	1582
697	7	1549
64	4	1558
860	6	1509
294	0	1587
1161	3	1554
690	4	1557
278	6	1507
618	2	1523
873	3	1554
788	1	1500
505	0	1597
1112	0	1588
1141	5	1606
60	3	1554
93	1	1500
1088	1	1504
1239	7	1546
104	6	1507
1285	3	1551
1216	6	1509
1272	1	1504
1079	7	1547
1452	5	1603
306	1	1504
842	6	1507
1219	7	1548
867	3	1554
913	3	1554
526	3	1551
1483	1	1500
9	7	1548
394	0	1590
1010	1	1504
1476	5	1604
726	7	1548
83	6	1509
425	1	1500
830	0	1595
234	4	1557
81	4	1555
1311	6	1507
696	1	1503
933	0	1582
578	0	1582
1268	3	1551
118	5	1603
1093	5	1605
905	4	1558
778	3	1552
308	4	1561
1110	1	1504
1436	1	1500
313	6	1507
842	5	1604
1142	3	1551
1363	6	1511
636	2	1532
816	7	1549
20	2	1523
1240	7	1547
357	4	1558
1282	5	1606
1252	2	1516
317	7	1548
1440	5	1604
113	5	1603
244	6	1509
1164	7	1548
1244	0	1582
415	4	1557
433	1	1503
225	3	1551
1451	0	1596
703	0	1595
1243	6	1509
1217	3	1554
1238	0	1582
514	3	1550
430	5	1603
0	7	1548
1076	0	1582
1291	0	1578
683	2	1540
276	2	1513
420	3	1550
1059	3	1551
149	0	1565
1309	7	1548
713	0	1595
11	6	1509
133	1	1504
929	1	1503
572	2	1533
289	5	1605
733	4	1561
165	6	1509
374	1	1504
203	7	1548
419	3	1551
89	4	1558
908	3	1551
10	6	1511
306	5	1603
55	7	1548
1064	5	1606
581	6	1507
1421	4	1557
751	2	1519
477	6	1508
1427	3	1554
1016	0	1582
581	0	1579
1377	6	1508
307	7	1546
866	2	1542
297	7	1549
303	6	1508
25	4	1558
870	1	1504
667	4	1559
440	0	1597
3	2	1537
880	5	1603
491	0	1593
774	3	1552
703	3	1551
952	1	1500
938	3	1551
305	4	1555
842	1	1504
769	4	1558
909	7	1548
1140	1	1500
3	7	1548
477	5	1605
271	2	1523
1390	4	1560
1299	4	1557
416	0	1582
1168	1	1500
102	3	1554
1189	0	1582
1216	1	1504
195	1	1500
1238	7	1546
647	1	1500
230	5	1600
856	5	1605
1187	2	1522
584	4	1555
1343	3	1551
370	2	1513
1498	3	1551
199	6	1507
1148	4	1561
1068	3	1551
1188	3	1554
1390	3	1551
739	7	1546
1443	5	1603
1320	0	1582
659	5	1606
1236	3	1551
600	5	1603
767	3	1553
1158	2	1516
769	6	1507
18	1	1504
277	0	1582
49	7	1549
330	6	1511
694	7	1548
1215	5	1605
1166	1	1504
227	5	1606
274	3	1551
820	4	1560
283	3	1553
1153	6	1511
531	4	1555
355	4	1557
494	0	1581
810	1	1501
57	6	1509
1041	7	1546
25	7	1547
201	2	1541
689	2	1531
1029	0	1564
1258	5	1603
198	7	1547
1104	1	1500
989	2	1531
1368	7	1548
663	4	1557
969	2	1529
200	4	1558
966	0	1582
479	2	1537
998	1	1500
925	1	1504
57	4	1561
1062	1	1503
538	2	1514
67	7	1548
392	3	1551
931	3	1551
838	6	1507
99	4	1555
556	1	1503
1207	5	1604
1411	0	1579
706	7	1547
439	0	1582
565	0	1582
650	0	1579
229	0	1582
877	1	1500
1334	5	1601
259	1	1503
575	4	1558
178	1	1504
1181	7	1548
203	4	1558
492	2	1528
797	0	1573
1119	2	1525
1037	5	1605
1046	2	1530
807	2	1521
1389	6	1507
1128	4	1558
554	7	1547
1067	0	1595
831	7	1548
578	7	1548
657	0	1567
301	6	1507
323	2	1513
1259	2	1525
264	4	1561
1071	5	1603
1015	7	1548
925	0	1590
985	4	1558
557	1	1500
180	4	1561
449	5	1605
88	3	1551
56	4	1558
989	5	1605
1432	3	1551
444	3	1553
1057	5	1603
922	2	1534
1134	0	1582
31	3	1554
97	0	1565
172	0	1597
190	4	1557
452	1	1500
623	4	1555
1457	2	1527
1401	3	1553
495	2	1527
1265	3	1552
1292	0	1582
109	5	1602
943	2	1517
704	7	1549
1435	0	1597
1406	4	1561
389	3	1554
371	2	1512
4	7	1548
884	6	1511
54	6	1507
236	6	1509
245	7	1546
58	6	1507
1292	5	1604
580	3	1551
878	1	1500
1118	3	1553
1322	7	1548
183	3	1553
834	0	1582
281	4	1559
146	3	1554
1357	0	1582
969	6	1511
43	7	1547
351	6	1510
1119	3	1553
1401	1	1503
311	7	1548
477	2	1525
68	6	1507
999	2	1534
381	6	1511
136	7	1547
688	3	1551
992	6	1507
406	3	1551
1474	4	1557
931	2	1536
577	2	1543
1216	7	1548
673	1	1504
1092	7	1549
234	0	1582
1391	6	1507
691	6	1509
370	4	1558
353	1	1500
1366	2	1519
196	2	1516
735	1	1501
1299	6	1508
393	3	1554
1492	3	1554
1102	1	1503
755	1	1503
1225	0	1582
307	3	1550
300	2	1537
1297	6	1509
530	7	1548
1395	0	1591
998	7	1547
461	6	1509
1275	6	1509
309	0	1570
344	0	1582
92	1	1503
297	5	1603
283	4	1560
1365	7	1546
1399	7	1548
783	2	1514
1314	4	1561
384	2	1541
4	5	1606
1237	1	1504
205	2	1513
1262	3	1551
639	0	1582
1449	2	1520
566	5	1606
48	7	1547
17	2	1526
261	5	1603
654	3	1554
126	0	1593
1245	1	1500
1396	6	1511
985	1	1503
1279	1	1504
272	7	1548
1211	7	1546
6	4	1557
883	2	1543
1356	1	1503
400	7	1548
630	2	1541
194	0	1597
458	0	1582
1290	2	1537
682	6	1507
565	2	1513
1093	3	1554
964	6	1507
625	7	1548
598	7	1548
638	4	1557
1138	5	1603
159	3	1552
842	4	1560
449	0	1582
397	2	1523
1466	2	1514
1489	4	1561
1021	0	1582
1099	4	1560
863	6	1508
1331	3	1554
132	0	1582
354	1	1500
857	6	1507
371	1	1502
8	6	1508
1444	1	1500
350	7	1547
1040	5	1603
1106	7	1546
890	4	1557
488	0	1579
1124	4	1557
1417	3	1554
731	7	1548
1293	5	1605
1063	2	1540
928	7	1548
557	2	1520
642	3	1552
1057	4	1560
355	7	1546
171	1	1500
509	7	1548
826	0	1582
56	7	1548
1025	5	1606
336	7	1547
963	6	1507
1397	3	1553
490	1	1503
1455	4	1557
1081	5	1606
297	4	1561
1222	6	1509
1266	1	1504
1023	0	1585
175	0	1582
894	1	1504
1272	2	1527
1351	2	1528
194	2	1540
1001	2	1525
331	5	1603
263	0	1597
481	4	1558
587	2	1513
1170	7	1548
951	7	1546
1007	3	1551
390	5	1605
1229	0	1582
293	2	1537
72	4	1561
1062	4	1558
211	3	1554
703	4	1558
1434	3	1553
1337	6	1507
127	4	1555
443	6	1509
1053	2	1540
616	3	1552
1194	6	1509
831	0	1582
662	1	1504
682	0	1573
252	3	1552
1145	0	1582
1300	0	1582
332	5	1603
553	5	1606
201	0	1582
1497	4	1558
915	4	1555
779	1	1504
820	2	1532
1175	0	1582
362	2	1517
806	4	1557
829	6	1508
1051	4	1558
247	6	1511
42	7	1548
274	5	1603
155	2	1531
1449	1	1500
76	2	1518
499	0	1582
537	5	1599
1402	5	1603
645	2	1527
493	0	1569
449	6	1508
1364	2	1514
32	2	1527
1313	6	1507
1004	3	1551
1351	0	1593
306	4	1559
963	5	1604
1389	3	1553
1459	0	1582
939	6	1511
1338	5	1605
86	0	1594
671	7	1547
583	1	1504
1193	3	1551
606	1	1500
1130	7	1549
571	7	1546
1154	0	1579
432	6	1509
909	2	1531
992	0	1582
166	2	1537
729	6	1507
275	6	1509
1477	7	1547
673	3	1550
125	4	1558
482	3	1551
385	0	1590
1154	4	1557
1453	2	1531
1055	1	1504
41	4	1555
1000	7	1548
742	5	1604
1176	4	1556
627	7	1549
4	3	1551
227	7	1548
1439	0	1582
1445	1	1500
335	7	1548
1117	4	1558
99	2	1543
711	0	1573
933	7	1548
96	0	1582
1218	0	1582
961	6	1507
779	3	1554
1137	5	1603
950	3	1553
1318	6	1509
1138	1	1500
802	2	1540
1163	1	1504
795	2	1526
1047	6	1511
661	3	1553
1173	6	1509
1278	5	1603
1423	5	1605
372	2	1520
136	0	1565
276	5	1603
567	5	1603
317	3	1554
336	6	1509
304	6	1507
69	1	1502
58	3	1550
1394	2	1531
308	3	1554
295	4	1561
948	2	1532
222	4	1557
630	3	1553
788	3	1551
1109	4	1558
272	1	1503
1129	5	1603
1284	4	1557
1390	7	1548
1304	2	1535
805	5	1604
310	6	1511
462	4	1557
1465	1	1500
554	5	1603
544	5	1603
1422	3	1551
251	1	1502
230	7	1546
169	0	1596
496	4	1557
275	7	1548
896	6	1507
212	0	1597
27	6	1507
509	3	1551
197	2	1535
564	3	1551
583	0	1582
1380	1	1500
284	6	1507
1221	6	1509
1171	7	1548
294	1	1500
235	1	1500
448	6	1509
334	7	1548
987	7	1548
21	6	1509
79	2	1541
876	6	1507
1444	0	1589
1072	1	1500
1325	4	1557
427	4	1557
105	2	1537
419	5	1601
1066	1	1504
1257	4	1557
1249	6	1507
1383	3	1554
1047	0	1594
811	1	1500
31	4	1557
41	6	1507
194	6	1507
457	2	1513
146	1	1504
309	5	1606
1022	3	1551
423	4	1555
389	4	1561
789	6	1508
709	2	1543
784	6	1507
208	7	1547
807	7	1549
361	6	1509
1097	1	1500
93	5	1605
1448	6	1507
470	7	1548
57	3	1552
76	4	1558
133	4	1557
589	2	1536
1358	3	1551
526	2	1531
816	1	1503
1338	4	1561
908	2	1523
622	2	1527
1152	7	1548
204	5	1605
1113	4	1561
1310	0	1591
1327	4	1556
800	6	1511
680	7	1547
1221	4	1557
528	1	1504
918	5	1603
690	6	1507
739	1	1500
1411	1	1504
192	2	1531
225	4	1558
802	0	1597
1322	1	1503
641	7	1548
792	2	1529
1424	6	1507
1447	7	1548
1018	4	1561
439	6	1508
1493	3	1551
638	7	1547
560	2	1513
1048	7	1548
1063	0	1593
1300	5	1604
1318	4	1557
501	2	1537
247	1	1504
606	6	1511
928	5	1605
811	2	1512
1209	1	1500
512	2	1517
1070	5	1603
1153	5	1603
1115	0	1582
241	2	1531
959	2	1525
458	4	1557
536	3	1551
1098	3	1551
495	3	1554
3	4	1557
632	3	1553
1353	2	1537
338	4	1558
605	2	1543
575	1	1500
89	7	1548
731	0	1597
499	7	1547
1024	5	1605
914	6	1509
425	3	1553
383	4	1558
569	2	1522
525	6	1509
1203	1	1500
542	2	1516
343	6	1508
873	1	1504
1151	4	1555
14	5	1603
1347	5	1605
900	6	1508
867	5	1605
895	5	1604
551	4	1557
1479	5	1605
1068	2	1532
889	6	1508
1218	6	1511
120	5	1603
5	3	1551
138	6	1509
804	3	1554
1098	1	1500
901	1	1504
234	1	1504
1148	0	1565
386	4	1559
44	2	1527
525	0	1582
524	0	1582
655	6	1509
896	5	1604
187	7	1549
424	7	1547
746	6	1507
813	1	1500
282	4	1561
1216	5	1606
646	4	1557
300	1	1500
1311	2	1525
850	1	1503
1292	1	1500
414	1	1500
893	2	1525
398	7	1547
259	6	1507
476	6	1507
378	0	1574
1417	1	1503
849	1	1504
1028	6	1509
1288	6	1508
484	1	1500
875	7	1548
95	7	1548
711	5	1603
68	2	1543
1486	3	1553
842	7	1548
1468	7	1548
1396	2	1520
1063	3	1553
1001	7	1548
282	2	1522
370	7	1547
183	2	1520
1096	0	1575
156	1	1502
882	7	1548
107	2	1543
1347	4	1557
75	1	1502
868	4	1560
900	5	1604
995	3	1554
297	0	1574
285	1	1504
959	5	1604
46	2	1536
935	0	1595
223	3	1551
31	2	1523
706	6	1507
379	5	1603
1447	2	1527
214	7	1549
1160	4	1560
1198	7	1548
1453	0	1582
319	0	1579
744	2	1513
670	6	1510
1016	2	1541
278	3	1553
583	6	1509
782	2	1537
491	5	1603
1012	4	1557
1224	4	1557
528	6	1508
299	5	1605
417	6	1508
100	1	1500
1417	4	1559
170	2	1539
865	2	1537
794	6	1507
570	2	1522
1209	6	1507
175	6	1509
1420	7	1548
1196	0	1573
312	2	1543
1430	4	1555
542	6	1510
116	3	1550
859	3	1554
955	5	1605
186	6	1507
601	5	1603
126	1	1500
44	6	1508
1210	2	1519
922	1	1502
1479	0	1582
1367	6	1507
646	7	1547
925	3	1551
328	5	1606
917	7	1547
416	6	1507
1086	5	1603
66	0	1597
38	5	1605
971	1	1500
1471	4	1555
1303	2	1514
349	7	1548
900	0	1582
1197	6	1508
850	3	1553
919	6	1507
945	2	1541
567	3	1551
1153	3	1554
1109	3	1551
752	4	1556
739	3	1551
1054	7	1546
1423	3	1551
368	6	1511
26	6	1507
887	7	1547
1265	6	1509
432	5	1605
1442	2	1516
680	2	1543
426	2	1541
213	0	1582
1165	5	1603
1364	0	1574
632	0	1582
156	2	1538
1231	7	1546
857	3	1553
962	4	1558
382	3	1551
123	0	1582
876	4	1561
700	2	1543
963	3	1554
798	0	1582
826	4	1557
452	4	1558
230	0	1582
143	5	1605
174	3	1553
667	6	1509
294	5	1601
1352	7	1548
1374	1	1504
527	0	1582
283	1	1500
624	7	1549
507	3	1552
1487	7	1548
1043	0	1570
850	4	1561
1263	1	1500
972	2	1537
113	0	1565
1493	6	1509
445	5	1603
1069	5	1603
165	7	1546
1356	4	1557
868	0	1582
1141	1	1500
781	4	1561
120	0	1597
772	4	1559
567	0	1565
1288	0	1581
1330	3	1551
473	6	1509
1040	7	1549
1034	6	1509
1414	3	1551
409	1	1502
1010	7	1548
539	0	1565
782	6	1507
1425	3	1551
1430	6	1509
981	5	1605
1019	4	1558
940	5	1604
346	3	1551
993	5	1605
231	5	1603
976	0	1582
1183	0	1594
981	4	1557
1489	7	1546
1089	3	1551
1463	0	1597
186	7	1549
708	0	1582
1105	4	1557
550	7	1548
103	1	1502
913	5	1603
966	2	1516
211	1	1500
1257	3	1551
732	3	1551
523	4	1561
902	5	1603
504	5	1605
991	1	1500
122	5	1603
282	3	1554
511	4	1557
391	6	1511
993	3	1554
74	3	1551
868	2	1532
1000	1	1503
862	1	1500
125	3	1551
1273	5	1605
638	2	1535
1436	4	1558
13	7	1547
337	2	1543
1166	2	1514
1447	0	1573
1395	4	1557
438	0	1581
844	5	1603
171	4	1555
915	5	1603
834	4	1561
597	7	1547
665	1	1500
1224	7	1548
1110	2	1516
546	5	1603
790	3	1551
401	2	1513
1135	6	1509
694	4	1561
13	3	1554
480	0	1597
251	0	1570
639	7	1548
592	0	1584
346	5	1606
842	3	1551
483	5	1603
383	0	1574
82	7	1546
287	4	1559
384	0	1587
1298	1	1504
1366	6	1509
566	0	1582
904	2	1543
1430	0	1582
62	4	1555
728	0	1596
673	4	1561
141	7	1548
172	5	1603
117	7	1549
699	0	1587
954	7	1548
1228	0	1594
809	3	1551
514	6	1507
1486	7	1546
134	7	1547
1426	6	1508
800	1	1502
1226	6	1511
83	2	1516
321	1	1504
1207	6	1507
76	5	1603
1000	6	1511
1102	4	1557
1212	4	1556
589	3	1551
189	5	1603
1163	4	1555
865	5	1606
759	0	1595
621	6	1509
926	7	1547
1459	2	1523
716	3	1551
651	5	1605
728	1	1500
429	3	1554
1028	1	1504
1050	7	1548
907	4	1557
888	1	1503
1259	5	1604
256	7	1548
542	3	1551
940	0	1582
1397	6	1507
484	6	1507
691	1	1504
19	1	1504
149	6	1510
1212	1	1504
1053	6	1508
1089	6	1511
832	7	1547
13	6	1509
1	3	1553
558	7	1547
230	2	1536
1377	7	1549
812	7	1548
593	1	1502
950	7	1546
515	0	1569
28	1	1500
1124	5	1605
163	1	1503
1016	3	1552
38	3	1554
37	6	1507
291	4	1560
1052	4	1557
110	7	1546
793	6	1507
342	4	1557
571	5	1603
1008	7	1548
83	7	1548
1202	5	1603
574	2	1516
1400	2	1525
1345	5	1603
1257	1	1504
489	4	1555
456	4	1558
245	6	1507
152	4	1557
887	6	1510
1013	5	1606
518	6	1509
1398	2	1537
812	5	1603
247	4	1561
135	7	1548
1151	0	1593
716	4	1557
1426	0	1582
1146	5	1604
750	7	1546
1240	3	1551
801	1	1503
1448	2	1523
358	4	1555
72	0	1569
1205	2	1523
67	5	1605
888	4	1555
358	1	1503
246	5	1604
422	4	1559
1468	5	1603
1439	3	1554
1072	0	1595
1266	7	1548
1419	5	1605
650	7	1548
833	3	1551
1425	7	1548
222	1	1502
246	2	1537
1087	2	1515
229	4	1561
565	3	1551
1346	1	1500
1463	3	1553
1163	0	1585
1046	3	1553
693	1	1503
1417	6	1507
1271	3	1551
1035	2	1532
1148	2	1520
122	0	1595
404	2	1540
483	7	1549
180	7	1548
1343	7	1546
1241	0	1579
18	0	1579
1378	5	1605
758	3	1551
538	4	1555
1302	6	1509
78	0	1577
1110	4	1561
1347	6	1509
1194	5	1606
1406	7	1548
121	7	1548
750	6	1507
551	6	1509
1268	5	1605
792	0	1582
1253	2	1514
1411	3	1551
1266	6	1509
411	4	1557
885	7	1548
696	3	1551
646	5	1606
1308	5	1604
456	7	1548
529	1	1502
709	1	1500
1168	5	1605
898	4	1560
1375	3	1551
613	5	1605
313	3	1554
1021	1	1500
1296	6	1511
666	3	1550
512	6	1511
1329	3	1553
672	2	1537
1037	2	1536
282	5	1603
1068	6	1508
238	1	1504
112	1	1504
684	3	1551
1058	5	1603
844	2	1541
595	4	1557
182	4	1561
1178	4	1558
758	0	1582
660	3	1553
616	1	1503
203	3	1551
706	1	1500
968	7	1548
592	6	1507
791	3	1553
871	3	1551
936	4	1557
1201	5	1605
1310	2	1514
19	3	1551
615	0	1582
1407	7	1548
535	5	1603
1037	6	1511
1071	4	1558
523	5	1606
673	2	1534
678	1	1504
878	0	1582
778	7	1548
1437	6	1508
403	3	1552
1239	3	1551
146	2	1537
763	3	1550
1146	7	1548
1157	4	1555
627	1	1500
108	1	1502
920	3	1553
661	6	1511
667	3	1553
843	7	1549
1209	5	1606
700	0	1582
1427	5	1604
1060	1	1502
994	6	1508
622	7	1548
728	6	1511
263	2	1531
1109	7	1547
1468	4	1556
1489	6	1509
1205	5	1606
1078	7	1548
766	4	1561
1241	5	1603
1114	3	1554
889	5	1605
606	7	1548
906	7	1548
194	3	1551
248	0	1582
193	0	1594
1233	6	1509
681	4	1558
1479	3	1553
1325	6	1508
388	2	1523
823	0	1587
216	3	1554
1329	2	1543
126	6	1508
586	6	1511
1227	4	1561
1091	2	1534
1198	2	1543
674	5	1605
1184	2	1522
1442	5	1603
533	0	1570
840	6	1509
881	7	1547
1205	6	1508
943	4	1557
721	1	1500
648	2	1524
562	6	1507
407	1	1500
363	6	1507
1203	0	1582
991	3	1554
1167	1	1500
1296	4	1560
586	0	1565
425	5	1603
1317	0	1569
448	0	1582
207	3	1552
1339	5	1604
206	2	1518
578	2	1536
1168	2	1523
72	2	1524
180	6	1507
116	2	1543
417	5	1606
598	4	1557
771	6	1511
782	0	1582
1048	3	1551
897	6	1508
828	6	1508
1019	3	1553
1471	2	1524
828	4	1555
1464	4	1555
509	4	1557
653	3	1554
1457	3	1554
389	7	1548
69	5	1604
1127	6	1507
930	5	1605
1460	2	1513
1193	2	1532
303	3	1553
792	7	1548
104	3	1551
1053	3	1551
901	4	1557
354	4	1561
137	3	1553
499	4	1561
258	5	1603
382	6	1511
1213	7	1548
242	2	1531
1224	2	1537
1363	3	1552
512	4	1559
584	6	1507
299	7	1548
855	4	1555
609	7	1548
1269	7	1548
734	0	1582
353	6	1508
250	6	1509
14	3	1554
966	1	1500
791	2	1520
113	2	1513
1055	6	1507
963	1	1503
1481	5	1604
497	0	1578
1451	7	1549
1114	6	1508
1340	3	1553
1435	4	1558
750	2	1526
659	7	1548
319	5	1603
1316	5	1604
1285	4	1557
961	3	1554
1418	6	1507
45	6	1511
1016	6	1509
660	6	1507
1040	6	1507
677	4	1557
1301	3	1551
713	7	1549
566	2	1523
1191	0	1570
155	5	1603
669	1	1502
51	5	1605
1275	4	1557
10	5	1603
89	5	1603
1092	4	1558
1043	6	1511
879	4	1557
1414	7	1548
1092	0	1582
946	7	1547
1005	2	1536
247	7	1548
411	5	1605
337	6	1511
81	1	1503
666	7	1546
936	1	1503
1358	0	1595
1137	3	1551
1289	6	1507
300	3	1554
626	2	1537
974	6	1507
560	7	1547
339	1	1504
579	2	1535
374	5	1603
215	7	1546
793	7	1547
1226	5	1605
299	6	1509
114	7	1547
1073	4	1557
307	2	1513
690	7	1548
692	1	1500
588	5	1603
1201	4	1561
325	6	1507
1429	7	1548
1018	7	1548
712	3	1551
897	2	1540
753	3	1554
18	3	1551
1371	7	1548
958	3	1553
233	4	1560
1473	3	1551
1217	5	1605
635	1	1502
1262	4	1561
1386	6	1509
695	3	1553
742	0	1582
1350	6	1508
75	5	1604
314	4	1561
233	0	1582
92	5	1604
248	6	1509
197	7	1547
922	4	1557
465	3	1551
189	7	1547
1497	1	1502
727	1	1504
118	6	1509
1473	5	1605
263	3	1551
1220	4	1557
1361	7	1549
1162	4	1558
1052	6	1508
618	4	1557
1337	4	1555
545	3	1551
815	1	1500
658	6	1508
569	7	1549
438	6	1508
112	3	1554
367	2	1516
801	0	1594
301	3	1553
849	0	1579
96	7	1547
528	3	1551
1066	0	1594
159	0	1569
930	0	1582
1124	1	1504
833	7	1548
20	7	1546
469	6	1509
1264	7	1546
96	1	1503
911	6	1509
686	0	1574
944	5	1606
747	2	1526
712	0	1595
932	7	1548
659	2	1536
1128	0	1596
937	3	1554
635	7	1549
1395	5	1606
987	2	1525
344	3	1553
547	0	1596
1300	3	1554
108	0	1573
1135	1	1500
29	4	1558
51	6	1509
147	0	1595
1421	1	1500
745	3	1551
1004	6	1507
1034	5	1603
434	4	1556
612	4	1560
255	6	1507
545	5	1603
820	7	1546
925	5	1603
1228	1	1504
998	0	1582
1018	0	1582
840	5	1603
1227	2	1525
987	6	1507
181	6	1507
69	0	1582
724	7	1548
144	6	1511
947	2	1516
1372	1	1503
1395	6	1509
1261	6	1508
1360	5	1603
404	4	1557
1164	2	1517
1039	2	1532
1187	6	1507
271	5	1605
249	7	1548
474	4	1557
776	4	1561
818	7	1548
874	0	1582
1354	5	1600
1167	6	1509
139	5	1603
1398	4	1555
839	4	1561
860	0	1582
312	0	1593
301	5	1604
1079	3	1551
1372	4	1561
319	3	1554
1438	3	1553
841	2	1542
274	0	1597
559	0	1582
1024	2	1537
795	7	1548
6	6	1507
274	1	1503
443	3	1554
773	6	1507
647	7	1548
143	0	1582
779	2	1541
59	2	1521
101	5	1603
1273	2	1525
365	7	1549
1306	6	1509
341	5	1605
1415	2	1526
1006	5	1605
133	5	1603
943	0	1582
841	4	1558
332	0	1594
354	3	1551
681	3	1551
112	7	1548
552	4	1558
936	2	1512
160	3	1551
1402	6	1507
1287	0	1582
1210	4	1557
695	7	1548
703	1	1503
647	5	1605
298	5	1605
1006	3	1554
1175	1	1500
1366	5	1605
510	0	1569
413	2	1521
1420	3	1551
291	3	1553
1051	6	1507
1074	5	1606
831	4	1557
726	6	1507
1217	7	1548
1404	2	1526
621	4	1557
411	1	1500
161	0	1582
1051	7	1546
257	6	1507
1086	1	1503
1177	1	1504
50	3	1552
302	3	1551
1001	3	1553
61	0	1565
338	5	1603
1131	4	1557
1147	1	1503
75	6	1507
505	1	1504
829	0	1594
1495	0	1595
286	6	1509
128	2	1543
501	0	1579
85	5	1603
416	7	1548
1402	2	1527
535	3	1554
1437	0	1582
930	4	1555
1307	3	1553
1495	5	1603
762	1	1500
1209	2	1536
955	7	1548
1008	2	1534
34	1	1500
1180	6	1507
1322	4	1561
39	6	1509
894	4	1558
1354	3	1552
459	5	1605
65	4	1561
1400	5	1605
176	1	1501
75	7	1548
578	6	1507
522	6	1509
815	2	1512
1115	6	1507
58	7	1547
814	6	1507
1231	5	1605
1051	0	1596
1271	4	1557
973	6	1507
1198	3	1551
1122	5	1603
929	7	1546
1190	5	1603
1039	3	1551
790	6	1511
580	6	1508
221	2	1543
602	6	1507
220	4	1557
809	4	1559
1107	5	1603
95	6	1507
700	7	1547
798	4	1557
254	2	1527
12	7	1548
1340	0	1582
674	0	1582
347	3	1551
384	4	1557
1265	7	1546
198	5	1603
1402	4	1558
14	1	1504
675	0	1583
1378	0	1582
714	3	1553
1185	7	1548
878	5	1605
1236	1	1500
768	6	1507
1426	1	1503
686	2	1513
64	6	1507
378	4	1558
653	6	1508
914	5	1606
200	3	1554
396	4	1560
685	2	1520
960	3	1553
239	0	1582
998	4	1557
674	6	1509
660	5	1603
432	4	1555
1419	7	1548
296	4	1558
779	7	1547
319	2	1537
81	6	1507
1289	4	1557
1306	5	1606
531	0	1582
1450	4	1558
1408	3	1551
679	6	1507
1392	4	1555
385	3	1551
1445	0	1565
846	2	1522
1416	7	1548
1485	0	1582
1386	7	1548
470	6	1507
428	4	1558
252	4	1557
144	0	1593
64	1	1502
769	0	1597
467	4	1557
947	7	1548
252	0	1596
769	5	1603
133	7	1548
382	0	1573
1180	0	1582
224	2	1543
911	5	1599
1121	5	1606
1046	4	1560
533	7	1548
415	0	1582
1384	4	1557
52	3	1551
37	3	1551
413	3	1554
636	5	1605
643	3	1551
634	4	1557
174	6	1509
1188	4	1561
1354	7	1548
1020	7	1548
634	5	1605
1342	7	1547
1445	5	1603
17	3	1554
436	2	1532
1059	4	1561
689	7	1546
688	5	1603
594	3	1553
841	3	1550
1152	1	1500
1084	1	1503
387	7	1546
230	1	1502
1243	1	1503
1275	2	1523
1082	1	1504
675	6	1509
373	0	1595
1112	3	1554
926	4	1555
342	7	1546
271	1	1500
483	4	1561
635	4	1555
1462	0	1597
352	3	1551
1140	6	1507
963	2	1525
320	4	1557
1386	0	1583
1320	6	1507
298	3	1553
99	3	1551
436	4	1557
619	4	1555
1450	1	1503
1083	2	1525
8	0	1582
622	4	1556
1088	5	1605
1408	6	1507
1127	3	1551
1077	1	1502
848	0	1597
347	6	1511
1002	6	1511
1175	2	1525
23	6	1509
116	4	1556
1271	6	1508
111	6	1507
822	2	1541
271	6	1509
904	7	1548
708	4	1557
261	3	1554
729	3	1553
1069	7	1548
184	2	1531
3	3	1551
638	6	1508
342	2	1536
1227	5	1606
332	4	1557
881	1	1500
429	2	1532
917	3	1551
784	0	1597
959	4	1557
423	0	1573
856	3	1552
590	1	1504
250	3	1554
1088	7	1548
35	2	1543
388	7	1546
295	1	1504
1130	5	1603
31	7	1548
813	0	1590
571	0	1595
406	7	1548
532	0	1595
456	2	1540
718	3	1554
366	5	1605
470	3	1551
333	4	1560
932	5	1606
929	5	1603
1229	2	1525
502	1	1504
619	2	1532
295	7	1549
630	7	1547
745	0	1582
1419	0	1582
1059	0	1596
409	4	1558
1487	5	1603
298	2	1532
550	5	1603
1254	1	1500
1088	2	1515
254	7	1548
15	5	1603
657	3	1554
58	0	1597
1376	5	1603
742	7	1547
1	6	1507
970	0	1582
53	3	1551
912	3	1554
724	3	1551
1085	6	1509
511	6	1508
159	4	1560
60	4	1555
1414	2	1540
449	4	1557
440	1	1500
1253	3	1551
682	3	1551
590	0	1570
1243	0	1565
234	3	1551
246	7	1548
1417	5	1605
269	3	1553
1300	6	1511
351	3	1551
527	7	1546
1385	6	1509
323	6	1511
255	4	1558
1156	1	1501
1263	7	1546
14	6	1509
693	3	1554
526	5	1605
37	4	1558
1294	1	1500
1164	0	1582
1004	7	1546
851	2	1529
553	7	1547
1460	7	1548
1278	1	1504
356	6	1507
560	1	1503
1252	5	1603
635	3	1552
72	6	1507
1268	2	1524
351	2	1521
306	6	1511
531	3	1551
704	4	1557
1377	2	1531
599	7	1548
848	2	1525
435	7	1548
1171	6	1507
244	5	1606
978	1	1504
966	7	1547
619	5	1606
543	2	1513
485	4	1561
229	2	1526
758	2	1534
1295	2	1525
1146	4	1559
394	1	1500
293	5	1604
921	4	1561
490	6	1507
510	5	1607
1348	4	1558
805	2	1525
583	4	1560
262	7	1547
701	1	1502
498	1	1504
1321	2	1525
1116	4	1560
534	0	1582
140	2	1543
649	1	1500
1388	5	1606
270	3	1552
658	2	1537
286	7	1549
239	4	1559
317	2	1543
1174	2	1540
1062	5	1603
873	7	1548
642	7	1549
259	5	1603
1200	1	1500
714	1	1503
1309	2	1520
1285	7	1548
964	0	1582
437	3	1550
300	0	1582
606	2	1521
1490	6	1507
119	2	1534
790	7	1548
1406	6	1508
1351	5	1603
639	6	1508
985	0	1571
693	2	1533
776	5	1605
1033	3	1551
557	6	1511
1416	1	1500
795	0	1582
984	1	1500
1064	7	1548
386	1	1504
1247	1	1504
1217	4	1557
831	6	1511
248	2	1513
245	4	1561
190	0	1594
270	5	1604
698	4	1558
1286	1	1500
1374	4	1561
942	5	1603
877	6	1511
1199	4	1556
173	7	1548
654	6	1508
1034	4	1561
1082	0	1596
939	2	1512
1297	7	1547
1157	0	1574
219	4	1556
715	1	1504
1387	1	1500
1467	2	1526
622	5	1603
579	1	1500
781	1	1500
1456	1	1503
430	0	1595
459	6	1507
639	4	1557
96	6	1507
517	2	1543
839	6	1507
1043	7	1548
546	0	1573
1482	1	1500
866	3	1553
296	7	1549
822	7	1548
41	5	1603
360	0	1573
1039	6	1509
737	5	1605
855	0	1582
624	0	1582
723	1	1502
688	2	1513
956	4	1557
807	0	1596
905	7	1547
171	5	1603
99	1	1503
1199	3	1551
451	3	1551
196	3	1554
244	3	1551
1132	5	1605
367	6	1508
1107	6	1507
467	7	1548
1095	1	1504
906	6	1508
371	7	1548
245	1	1502
474	3	1551
466	1	1504
1445	2	1537
573	0	1582
687	1	1500
986	4	1557
287	0	1582
1076	5	1605
559	1	1504
436	6	1509
938	6	1507
34	7	1548
517	0	1565
1226	7	1548
8	7	1547
32	1	1504
744	4	1561
602	5	1603
266	2	1524
888	2	1542
923	4	1561
772	6	1507
1251	5	1603
418	4	1558
719	4	1561
1058	4	1558
500	2	1540
648	6	1507
134	0	1565
1009	3	1554
1480	7	1548
1025	7	1548
416	3	1554
1420	5	1603
1112	4	1561
48	2	1513
474	7	1548
54	1	1502
1236	2	1540
427	7	1546
224	1	1504
104	4	1558
1364	1	1504
1204	4	1557
1088	6	1507
1136	2	1532
187	5	1603
873	4	1557
1403	6	1507
479	0	1570
1284	0	1582
394	6	1508
530	3	1551
341	6	1511
1231	2	1536
1379	1	1503
191	2	1522
1351	1	1500
9	4	1557
422	7	1548
84	6	1507
981	7	1548
1361	6	1509
159	2	1528
494	4	1557
1177	3	1551
911	3	1554
292	0	1597
592	3	1551
513	0	1597
309	1	1500
549	5	1605
168	6	1507
954	3	1551
629	5	1605
1085	7	1548
301	1	1500
360	1	1502
1399	6	1507
528	5	1606
902	3	1551
13	0	1572
1085	3	1551
1373	4	1557
330	1	1504
208	4	1559
1342	5	1605
1443	2	1514
51	1	1504
282	0	1593
86	2	1512
1084	2	1514
99	7	1548
718	6	1507
1015	2	1534
1316	6	1508
209	1	1500
498	4	1561
748	1	1500
844	0	1565
1385	7	1546
991	5	1605
1103	7	1547
463	4	1557
567	6	1511
537	0	1582
457	5	1605
1411	7	1546
455	3	1554
1348	2	1514
262	4	1559
513	3	1551
229	5	1604
997	3	1551
1284	7	1548
931	7	1548
112	4	1560
1459	4	1557
296	5	1603
951	6	1508
1135	4	1557
1386	5	1605
1106	2	1514
1397	0	1597
1053	7	1548
1385	2	1543
1221	0	1582
828	7	1549
1147	4	1558
933	5	1606
512	3	1552
633	0	1594
91	3	1551
178	6	1509
800	4	1559
508	0	1579
78	6	1507
1339	1	1503
1185	4	1555
689	3	1551
1235	0	1569
705	2	1535
90	1	1500
409	3	1553
1328	7	1546
1465	2	1520
1063	7	1548
1258	2	1521
1362	0	1582
138	3	1551
259	4	1558
1464	2	1538
284	7	1547
502	3	1551
634	3	1554
361	5	1603
314	6	1509
614	0	1587
7	4	1557
1294	4	1557
1157	5	1603
1146	0	1582
767	0	1582
711	1	1502
1035	5	1605
990	2	1537
1286	3	1554
143	7	1548
204	2	1523
1277	5	1605
1245	7	1547
524	5	1606
224	4	1558
678	7	1547
843	0	1597
765	6	1508
108	5	1603
1049	6	1511
1399	2	1516
688	0	1597
1185	3	1553
1134	6	1508
1403	4	1559
646	3	1551
650	1	1500
1244	1	1500
66	7	1546
660	2	1540
454	7	1548
1130	4	1557
184	4	1561
114	0	1573
1340	5	1604
753	6	1507
596	5	1603
1307	1	1502
1101	7	1548
995	6	1508
311	3	1553
356	0	1582
949	2	1534
1317	7	1548
810	7	1546
754	2	1516
238	0	1597
1101	3	1553
642	1	1503
879	2	1525
690	1	1501
975	2	1540
1110	5	1603
1399	3	1553
1466	7	1548
812	1	1503
976	1	1504
1075	3	1552
754	4	1558
338	3	1550
1194	2	1532
430	4	1558
1044	3	1553
1175	4	1556
1373	5	1603
562	0	1579
964	4	1557
693	0	1582
1007	6	1508
116	5	1603
946	6	1508
1449	4	1557
265	6	1507
1177	0	1582
438	1	1504
556	4	1557
1344	6	1509
597	4	1558
182	1	1502
942	2	1537
290	7	1548
1438	5	1605
494	2	1526
19	5	1603
1296	0	1590
311	0	1581
364	4	1555
142	2	1522
727	0	1574
825	3	1551
98	4	1558
909	3	1553
66	2	1543
1390	2	1529
944	2	1535
1277	6	1507
340	2	1533
1038	7	1548
1085	2	1537
1254	7	1549
758	5	1606
1430	2	1512
194	1	1503
61	2	1516
886	4	1558
1382	3	1552
167	5	1603
1056	3	1553
1123	2	1527
836	6	1507
660	0	1597
467	3	1554
306	3	1554
790	1	1502
1034	3	1551
1020	1	1504
336	5	1603
449	2	1533
583	2	1513
1457	4	1560
918	7	1547
538	3	1551
168	0	1582
942	1	1500
1197	2	1513
244	1	1504
1187	3	1553
1060	0	1596
1160	7	1546
700	3	1554
607	1	1504
261	6	1507
119	7	1548
88	7	1547
588	6	1506
295	0	1582
854	7	1548
217	7	1549
1271	0	1582
1477	6	1507
525	1	1504
1436	5	1603
1043	4	1557
241	3	1551
1003	1	1500
420	4	1555
1339	2	1520
1362	3	1551
866	6	1507
119	4	1557
250	4	1561
547	3	1551
1231	3	1551
444	1	1504
777	6	1508
1234	7	1548
968	1	1500
396	3	1551
261	7	1549
192	4	1560
1402	1	1503
410	7	1548
834	7	1548
280	6	1507
1002	3	1552
804	5	1607
627	4	1557
10	1	1503
1165	1	1500
216	4	1559
1259	1	1504
162	0	1597
405	2	1540
456	0	1573
1297	0	1570
68	0	1582
1096	6	1510
500	1	1504
1303	1	1503
1428	0	1582
862	5	1606
490	7	1549
1340	7	1548
162	7	1548
479	4	1557
465	6	1507
520	3	1551
1301	7	1548
1241	2	1537
1149	0	1579
810	6	1507
1349	4	1560
1043	3	1554
247	3	1551
62	7	1548
114	1	1500
415	5	1605
1026	0	1590
179	5	1606
359	0	1596
989	0	1582
784	1	1502
1319	3	1551
1333	3	1551
1332	0	1583
27	1	1504
441	4	1560
802	7	1548
670	1	1503
59	0	1596
771	5	1603
653	0	1582
872	2	1532
15	3	1553
1105	3	1554
91	5	1603
845	6	1508
397	3	1551
708	2	1514
1473	7	1548
760	1	1503
188	4	1560
1393	6	1509
103	0	1597
910	3	1552
302	0	1582
867	1	1504
1049	0	1570
259	2	1531
759	4	1558
2	2	1537
952	6	1507
1268	7	1547
1007	0	1579
506	6	1507
12	1	1504
315	0	1582
1075	4	1557
1072	7	1548
1457	6	1508
264	6	1509
292	4	1558
1195	1	1504
1095	7	1548
154	4	1561
196	0	1597
329	6	1509
1126	1	1500
747	7	1548
254	6	1509
281	0	1582
1466	4	1560
1065	0	1582
224	0	1597
630	4	1557
1167	7	1546
345	1	1504
503	5	1606
1143	7	1546
168	1	1502
234	7	1548
1233	3	1551
360	4	1558
826	1	1504
535	6	1511
476	7	1549
426	1	1500
1468	3	1552
768	7	1548
99	0	1573
919	4	1558
239	6	1507
356	3	1553
859	5	1605
168	2	1540
508	1	1504
714	6	1508
228	6	1507
527	1	1500
160	5	1602
114	5	1603
851	4	1557
148	7	1548
375	5	1603
1020	3	1554
1092	5	1605
1359	2	1537
408	6	1509
234	5	1605
290	1	1502
563	1	1500
1297	3	1551
1006	4	1560
402	0	1593
1257	2	1540
1004	4	1557
164	2	1537
702	1	1504
628	4	1561
220	5	1606
517	3	1551
145	7	1548
691	3	1551
655	7	1549
914	0	1582
899	3	1553
436	7	1548
567	7	1549
157	0	1597
454	5	1605
612	6	1508
1187	7	1548
268	6	1509
1240	6	1508
708	1	1502
5	7	1547
200	0	1597
188	7	1548
1324	4	1560
579	6	1509
71	6	1509
1005	6	1509
455	4	1561
115	3	1550
1098	6	1507
946	3	1553
576	7	1548
385	6	1509
167	7	1547
1260	1	1504
1252	7	1548
506	2	1540
739	0	1573
525	5	1606
505	3	1551
874	4	1557
39	2	1532
574	0	1565
781	3	1554
282	6	1507
277	5	1606
86	6	1508
676	2	1526
552	7	1548
1484	6	1507
1355	1	1502
1324	0	1582
504	0	1582
1494	4	1558
166	6	1507
936	3	1553
296	6	1507
1217	6	1507
1415	4	1559
1469	7	1548
344	7	1548
235	4	1557
1423	6	1511
56	5	1603
439	2	1534
498	2	1514
436	1	1500
201	6	1511
62	5	1603
1189	7	1548
428	5	1604
418	7	1548
694	1	1504
863	1	1504
370	3	1551
200	6	1507
1265	4	1557
922	3	1553
1431	5	1605
1372	5	1603
1131	3	1551
1326	4	1560
1008	3	1554
17	1	1500
1251	1	1503
991	6	1511
669	0	1582
24	3	1550
132	6	1507
334	4	1555
769	2	1513
91	1	1503
1225	5	1605
932	4	1557
594	4	1557
1165	4	1558
339	6	1508
554	3	1551
354	2	1513
65	6	1509
465	7	1548
1063	4	1561
692	2	1540
318	1	1504
4	2	1523
463	1	1504
671	6	1508
1408	1	1503
1047	5	1603
381	4	1555
1073	3	1551
210	5	1603
949	5	1605
971	4	1557
177	6	1509
588	4	1555
1096	5	1606
172	6	1507
892	3	1551
376	4	1557
616	4	1556
1170	0	1582
1407	4	1557
532	4	1558
252	2	1513
123	2	1535
347	5	1603
100	6	1507
144	5	1603
304	7	1548
465	0	1569
732	0	1574
1276	1	1502
903	3	1554
656	5	1603
147	4	1558
501	7	1548
279	5	1603
1289	2	1537
1407	3	1554
811	0	1579
1242	4	1557
1453	3	1551
348	1	1502
811	5	1603
557	3	1551
864	4	1559
1495	7	1548
850	2	1545
875	5	1606
19	7	1546
1121	0	1582
1114	2	1535
195	6	1507
924	3	1554
1311	7	1548
1028	0	1593
412	0	1590
634	1	1500
734	4	1560
1136	1	1500
519	6	1508
1205	1	1504
953	6	1508
1278	4	1558
1404	0	1582
1005	0	1582
1008	5	1605
28	5	1603
453	2	1543
214	0	1582
843	1	1503
846	5	1603
224	5	1603
1210	1	1500
272	2	1531
1215	4	1557
934	7	1548
1493	0	1597
1024	0	1582
617	1	1500
80	4	1557
825	4	1555
837	1	1502
904	0	1565
521	1	1500
1311	4	1556
692	4	1557
1438	2	1522
220	7	1549
1028	3	1554
872	1	1504
962	2	1537
1287	3	1551
947	4	1557
701	4	1558
1105	7	1546
602	2	1513
1463	6	1507
651	7	1548
705	1	1500
746	3	1551
819	2	1541
806	2	1526
444	7	1548
91	0	1597
966	3	1554
1443	7	1546
889	3	1553
7	1	1504
719	1	1500
1260	0	1570
572	0	1582
1021	3	1551
629	6	1510
1045	3	1551
569	3	1553
460	0	1570
1485	7	1547
410	6	1511
417	2	1540
843	5	1603
817	1	1502
1161	6	1507
541	7	1548
492	5	1606
36	2	1543
1136	4	1557
841	6	1507
1066	4	1557
1105	1	1504
447	4	1557
576	5	1603
1409	1	1502
793	3	1552
1195	0	1581
981	6	1511
889	1	1500
377	3	1551
37	5	1603
949	7	1548
470	1	1504
392	5	1605
493	5	1607
709	0	1573
935	5	1603
1001	6	1507
738	4	1558
394	4	1555
824	4	1557
1114	7	1547
317	5	1605
1001	5	1605
421	3	1553
796	5	1600
214	2	1526
653	5	1606
888	5	1606
1371	6	1507
1173	1	1504
720	2	1534
213	6	1507
84	0	1582
972	6	1508
397	5	1605
1049	7	1548
1419	6	1507
1189	6	1507
727	3	1551
232	6	1509
481	0	1597
459	1	1504
960	2	1535
575	0	1597
405	1	1503
562	7	1548
745	6	1509
1400	6	1507
793	2	1529
333	5	1606
827	7	1548
594	6	1511
318	6	1507
1370	7	1547
854	1	1500
46	6	1509
317	6	1507
299	4	1557
901	0	1582
1181	4	1557
423	1	1503
1267	1	1504
174	0	1593
683	1	1503
169	7	1548
368	3	1554
1491	5	1603
1164	3	1551
610	6	1507
1310	1	1500
1494	5	1603
146	7	1548
110	4	1555
996	4	1557
127	0	1590
373	6	1510
1145	1	1504
1255	7	1546
371	3	1552
562	3	1551
791	1	1503
125	1	1502
450	2	1536
1254	6	1507
782	1	1504
393	1	1503
551	0	1582
25	5	1603
301	7	1548
269	5	1606
77	5	1603
107	4	1558
1357	2	1543
141	4	1556
1103	6	1511
1224	6	1511
730	7	1548
731	1	1504
1183	5	1603
1275	1	1500
718	1	1500
657	6	1511
120	6	1508
775	1	1503
889	2	1520
554	4	1558
1036	6	1511
671	2	1535
1239	1	1500
954	0	1582
1121	4	1557
465	1	1500
1258	4	1558
488	6	1508
182	6	1511
739	4	1561
1319	0	1594
723	5	1605
960	1	1500
231	0	1574
163	0	1596
117	5	1605
212	4	1558
879	0	1582
1067	3	1551
188	3	1554
1278	3	1551
393	2	1512
208	0	1596
862	2	1537
44	7	1548
1311	0	1582
760	6	1507
395	4	1560
150	5	1603
430	3	1554
1182	0	1579
417	1	1500
1382	2	1512
1006	7	1548
1242	1	1500
106	7	1548
339	5	1605
1034	1	1504
1307	4	1557
1490	3	1551
629	4	1557
402	5	1603
1476	4	1555
79	0	1582
1133	5	1605
1196	3	1551
460	6	1508
977	6	1507
911	7	1548
1254	5	1603
1043	2	1522
487	6	1511
598	3	1552
856	2	1520
722	6	1507
657	5	1605
1290	5	1604
946	2	1534
1481	0	1582
790	4	1558
1344	2	1520
1298	4	1557
997	7	1548
453	3	1553
1433	7	1549
601	7	1548
1363	1	1503
732	4	1558
587	6	1509
1038	4	1558
864	1	1504
132	3	1551
764	6	1507
1023	5	1603
407	4	1558
1082	2	1514
1054	3	1553
267	1	1500
365	0	1595
476	2	1532
1146	1	1500
311	4	1557
676	6	1507
1176	7	1548
1143	0	1565
1095	0	1597
406	4	1560
1014	3	1554
611	1	1504
78	2	1522
285	6	1507
1360	0	1597
610	2	1543
673	5	1605
1026	6	1509
591	0	1582
326	3	1551
1377	4	1558
22	3	1554
1410	3	1550
1298	0	1597
1272	4	1561
562	4	1558
43	4	1558
542	1	1504
50	0	1593
802	1	1500
1252	3	1551
700	6	1507
781	5	1603
651	0	1582
1358	2	1531
863	2	1532
1263	6	1508
1081	6	1508
450	6	1508
46	0	1582
1358	6	1508
108	6	1507
959	6	1507
1230	1	1502
914	1	1504
430	7	1547
509	0	1582
1016	7	1548
228	1	1504
1496	1	1503
1246	6	1511
1048	5	1605
847	0	1582
1102	6	1507
1061	3	1551
880	3	1551
1432	0	1582
140	5	1603
1428	4	1561
87	7	1546
782	5	1605
553	0	1582
504	3	1551
893	0	1582
746	4	1555
1000	4	1555
850	6	1507
1011	3	1551
1143	3	1551
535	1	1500
1318	7	1548
209	4	1557
286	1	1500
780	0	1573
433	0	1582
1439	6	1507
900	1	1504
1044	6	1511
361	3	1551
614	7	1548
825	0	1597
1184	5	1603
393	4	1555
1248	7	1548
871	7	1548
1083	4	1557
69	2	1519
1103	1	1500
940	7	1547
1226	1	1504
1369	7	1548
1097	6	1507
934	4	1555
420	7	1548
980	4	1558
57	0	1582
1131	6	1508
720	0	1582
1111	2	1514
536	7	1548
1267	2	1532
845	2	1536
504	1	1504
543	0	1569
1214	0	1570
1431	2	1532
1350	3	1553
1219	1	1504
1194	4	1556
24	7	1548
942	4	1555
1003	4	1557
1029	5	1603
434	0	1582
549	7	1548
747	5	1605
59	4	1556
144	3	1554
1421	2	1537
1273	3	1554
890	0	1565
1074	1	1503
665	5	1603
174	2	1522
1311	5	1604
1180	4	1555
414	3	1554
274	4	1558
1249	5	1604
696	0	1596
1454	2	1520
1256	3	1551
139	2	1520
1368	1	1500
1394	1	1503
787	4	1556
678	3	1550
1473	0	1582
87	0	1597
102	2	1531
559	2	1535
1083	5	1605
688	6	1507
1273	6	1511
1270	1	1503
207	7	1548
459	3	1554
808	0	1597
292	5	1603
210	7	1548
1496	3	1554
294	4	1561
935	7	1548
3	1	1504
1071	0	1573
1207	7	1548
67	6	1507
1083	7	1548
796	7	1548
99	6	1507
940	4	1557
1470	3	1554
905	6	1507
1407	1	1503
1077	4	1558
87	4	1556
381	1	1500
951	5	1603
1042	5	1603
1411	2	1512
653	4	1557
687	2	1543
1087	1	1500
1285	0	1582
1321	7	1548
1433	1	1504
420	5	1603
979	3	1554
124	0	1596
1469	2	1523
1449	6	1511
499	1	1501
1336	2	1520
1197	1	1504
995	7	1547
1040	1	1500
1374	6	1509
379	7	1548
754	1	1502
795	5	1604
1251	6	1508
183	5	1603
1062	6	1511
250	1	1502
337	0	1592
341	7	1546
701	2	1521
644	1	1502
10	3	1554
612	0	1594
1094	6	1507
1232	7	1548
880	7	1547
303	2	1513
1289	5	1604
730	3	1553
1383	5	1606
1331	5	1603
903	5	1604
602	7	1548
965	6	1507
643	4	1557
992	4	1557
1412	3	1554
1119	6	1507
780	2	1540
654	7	1548
852	3	1551
803	3	1554
803	4	1561
152	5	1603
572	5	1605
653	1	1504
1093	6	1511
1425	0	1596
574	1	1504
1291	5	1604
341	0	1569
332	3	1552
539	3	1550
443	0	1567
277	3	1551
571	3	1551
473	2	1523
819	1	1500
1478	3	1553
882	1	1504
695	2	1539
1219	0	1582
632	5	1606
399	4	1557
449	7	1547
1130	6	1511
933	6	1509
1133	2	1525
1247	5	1603
1328	4	1555
475	3	1553
891	7	1548
587	5	1606
249	2	1545
916	5	1605
258	0	1594
77	3	1551
1473	4	1558
751	3	1554
174	5	1603
1113	3	1554
1118	7	1548
1089	4	1558
1487	3	1553
817	3	1552
1101	5	1603
1458	0	1582
384	3	1554
631	3	1553
26	2	1513
377	1	1504
836	4	1555
1380	2	1537
1156	4	1558
654	1	1504
635	6	1511
692	3	1552
286	5	1606
1155	1	1502
1081	2	1535
626	3	1551
996	5	1605
1186	5	1604
202	0	1579
761	1	1504
1286	4	1555
570	5	1603
326	0	1595
0	5	1605
104	2	1513
1469	5	1605
439	4	1557
1348	7	1547
1464	7	1547
546	4	1561
267	2	1543
94	0	1597
414	2	1533
1302	3	1553
115	4	1558
745	5	1606
683	6	1507
126	4	1560
1437	5	1604
549	4	1557
1344	0	1597
1094	5	1603
1439	1	1503
799	6	1507
383	7	1548
936	7	1548
709	3	1551
630	0	1590
808	2	1543
373	2	1543
64	7	1548
789	4	1557
877	0	1582
206	7	1548
1353	1	1504
1141	7	1547
624	1	1500
1056	0	1596
950	5	1604
723	6	1507
1391	2	1521
867	7	1546
1117	7	1548
124	2	1527
445	1	1504
193	2	1522
845	5	1605
484	5	1607
591	2	1536
130	1	1500
456	5	1603
649	0	1590
613	4	1561
222	2	1537
1317	4	1559
557	7	1546
1291	2	1520
429	6	1508
1487	6	1509
1270	6	1508
1150	7	1548
1232	5	1606
169	5	1603
973	2	1525
520	7	1549
931	6	1509
799	3	1553
901	2	1534
184	1	1501
1288	7	1548
649	7	1548
807	6	1507
1393	2	1513
1404	4	1559
903	0	1582
859	7	1547
383	1	1504
1097	3	1551
460	2	1537
958	4	1557
916	3	1553
1107	2	1535
207	4	1561
501	6	1507
1033	2	1521
675	7	1547
1256	0	1590
533	4	1557
749	2	1526
80	7	1548
225	0	1582
937	4	1556
1116	3	1554
1409	2	1527
1392	2	1543
1366	1	1503
399	2	1533
208	2	1537
1461	3	1553
866	1	1500
777	3	1553
570	6	1507
1120	1	1500
154	2	1531
109	7	1549
1491	6	1509
960	7	1548
1407	2	1537
68	5	1604
1178	5	1605
734	2	1523
1080	3	1553
284	5	1600
83	1	1504
593	0	1573
967	0	1582
457	7	1548
661	5	1604
1304	0	1594
599	6	1510
762	5	1605
1457	7	1547
249	5	1606
1392	3	1554
912	1	1503
172	3	1553
134	1	1500
185	4	1558
1492	2	1541
228	4	1560
439	7	1548
1057	2	1535
1337	1	1502
435	2	1541
286	3	1552
230	6	1507
1001	0	1582
1238	2	1519
1240	2	1537
1180	5	1605
665	2	1540
1048	1	1504
318	2	1542
308	2	1537
1128	2	1514
1374	7	1548
976	6	1508
503	3	1551
390	2	1517
150	6	1507
121	1	1500
561	6	1507
1146	2	1513
1274	3	1551
880	2	1517
561	4	1555
1290	3	1551
1114	5	1603
254	3	1551
1431	0	1570
110	3	1554
369	6	1511
684	7	1548
355	0	1582
1017	7	1548
543	1	1502
501	5	1603
1347	1	1504
750	4	1557
624	4	1555
755	0	1597
1115	7	1547
1269	2	1521
1023	1	1500
1199	1	1504
1335	3	1551
1133	6	1511
1383	6	1509
959	1	1502
1327	0	1582
1260	3	1551
1457	0	1573
726	2	1533
572	1	1504
559	4	1557
1326	2	1525
200	7	1548
356	1	1503
956	2	1525
347	7	1547
1123	4	1558
70	5	1606
323	1	1504
518	0	1595
932	2	1512
550	0	1590
1304	6	1507
366	4	1557
602	1	1500
1473	6	1508
871	4	1558
871	0	1596
1017	0	1597
485	6	1507
1309	6	1508
828	1	1504
48	5	1603
648	3	1551
977	5	1605
285	0	1582
264	5	1605
839	7	1548
756	0	1576
403	1	1503
212	5	1603
1208	4	1557
715	7	1547
899	4	1557
347	2	1513
38	1	1500
1134	3	1551
647	4	1557
1014	1	1500
1101	0	1577
1101	2	1537
29	2	1543
707	0	1582
486	0	1597
1282	6	1508
1499	3	1554
530	2	1516
1275	3	1554
424	4	1557
1168	0	1582
1205	4	1560
702	6	1507
1255	3	1554
1009	7	1548
1171	1	1500
74	0	1590
547	1	1503
248	7	1548
98	5	1603
287	7	1549
1341	7	1549
1067	2	1543
1097	0	1582
1202	2	1516
1493	5	1603
473	7	1548
1283	5	1605
1060	5	1603
1116	7	1548
191	1	1501
582	6	1508
783	5	1602
1427	6	1507
1133	7	1548
872	3	1554
293	0	1582
1353	7	1547
1125	3	1553
1422	5	1603
734	3	1554
573	6	1511
417	7	1548
757	3	1552
869	5	1605
398	5	1605
829	5	1603
981	3	1554
1270	0	1582
668	1	1504
479	3	1553
640	6	1511
533	2	1536
650	3	1551
1008	0	1582
1127	1	1500
732	1	1504
919	5	1603
1230	0	1582
1428	5	1605
1049	1	1500
189	3	1554
970	2	1532
399	3	1551
1198	1	1504
1078	4	1560
305	1	1503
711	4	1557
53	7	1548
681	6	1511
1487	1	1504
1276	2	1525
474	2	1537
801	4	1555
794	7	1548
201	1	1502
901	7	1546
568	0	1594
376	3	1551
620	0	1579
787	3	1551
1308	6	1511
1009	5	1605
260	6	1507
1482	6	1507
1313	0	1582
698	1	1500
360	3	1551
809	7	1549
385	1	1504
905	5	1603
645	7	1546
778	5	1603
630	6	1510
1445	3	1553
1299	0	1582
130	2	1516
1159	2	1516
168	7	1548
492	6	1511
193	1	1504
496	7	1548
281	3	1553
1098	0	1582
740	3	1553
832	6	1509
525	4	1557
1318	1	1500
63	4	1557
859	1	1503
92	4	1557
703	2	1542
1160	1	1503
906	0	1582
1026	1	1504
313	2	1533
1150	6	1509
23	7	1548
1077	7	1547
482	5	1603
39	3	1551
1374	2	1513
1170	1	1502
124	1	1502
237	5	1603
1283	3	1554
266	0	1582
701	0	1595
1261	4	1559
468	4	1557
1425	2	1527
1206	7	1548
1271	1	1500
416	1	1500
496	2	1532
197	3	1553
342	6	1507
348	6	1507
1201	2	1534
719	2	1529
844	3	1551
1128	1	1503
513	1	1504
195	3	1553
394	5	1603
620	5	1603
1082	7	1548
43	1	1500
224	3	1550
782	4	1561
797	4	1558
564	4	1558
612	7	1546
866	7	1546
303	5	1605
1229	4	1557
54	4	1556
1055	0	1582
635	2	1521
414	4	1557
1324	7	1546
458	2	1518
201	7	1546
335	5	1603
542	0	1582
1191	6	1508
1144	1	1503
873	6	1509
1484	1	1502
1222	5	1603
349	5	1605
877	5	1605
893	6	1510
445	4	1557
816	4	1558
765	7	1549
582	5	1603
569	1	1504
1252	4	1555
1135	7	1548
509	5	1605
359	1	1500
1348	1	1500
1098	5	1605
327	4	1557
1435	5	1603
1441	7	1548
621	2	1521
1005	1	1500
763	5	1603
325	7	1549
159	5	1600
1360	2	1512
405	5	1603
814	7	1548
1450	6	1511
216	7	1547
1449	7	1548
97	6	1509
452	0	1572
890	5	1600
1018	1	1504
964	7	1548
179	7	1548
314	1	1504
29	7	1548
240	6	1507
35	5	1603
1003	3	1551
355	1	1500
1058	7	1547
794	3	1554
1196	4	1558
727	2	1513
477	1	1504
488	4	1557
1014	5	1605
573	2	1533
1465	5	1603
408	1	1503
684	1	1500
93	7	1548
112	6	1509
1358	5	1603
816	3	1551
931	4	1557
789	5	1606
2	1	1504
59	5	1603
1108	4	1558
16	3	1551
1107	0	1566
387	4	1555
10	4	1557
1422	1	1503
1238	6	1511
1023	2	1541
1364	3	1551
1381	7	1548
710	2	1517
1306	7	1548
1236	6	1511
128	1	1503
1367	5	1604
1039	7	1548
957	7	1548
170	3	1554
198	1	1502
303	0	1582
1242	0	1582
767	5	1605
1336	0	1597
191	3	1552
884	3	1551
1346	7	1549
548	0	1582
1219	6	1507
1217	0	1569
712	7	1549
1151	5	1603
810	4	1561
1021	4	1557
0	1	1504
1066	3	1551
361	2	1512
199	3	1554
73	4	1558
622	3	1551
79	6	1508
1061	1	1500
407	5	1603
300	6	1509
152	3	1554
568	3	1552
89	2	1513
1207	4	1557
845	1	1503
451	0	1582
1215	3	1551
639	5	1606
412	2	1516
270	0	1582
350	6	1511
332	1	1504
258	7	1548
1221	5	1606
164	7	1548
410	1	1500
1172	2	1541
530	4	1555
1390	5	1606
553	1	1500
1433	4	1561
520	0	1565
1470	2	1522
851	6	1507
1175	5	1605
16	0	1582
59	3	1551
1434	5	1603
1231	6	1507
777	0	1568
452	2	1544
